code,transliterations,type
A,,Determinative
A1,i|z,Phonetic
A10,sqdw|sqd,Ideogram
A100,,Determinative
A100A,,Determinative
A100B,,Determinative
A101,mH|nb,Phonetic
A101A,,Determinative
A101B,,Determinative
A101C,,Determinative
A101D,,Determinative
A102,,Determinative
A103,,Determinative
A104,,Determinative
A104A,,Determinative
A104B,,Determinative
A105,,Determinative
A107,,Determinative
A108,,Determinative
A108A,,Determinative
A109,,Determinative
A109A,,Determinative
A109B,,Determinative
A109C,wr,Phonetic
A109D,,Determinative
A109E,,Determinative
A109F,,Determinative
A109G,,Determinative
A109h,,Determinative
A10A,,Determinative
A10B,,Determinative
A11,xnms,Ideogram
A110,,Determinative
A111,,Determinative
A112,,Determinative
A113,,Determinative
A114,pat,Ideogram
A114A,pat,Ideogram
A114B,,Determinative
A115,swr,Ideogram
A116,,Determinative
A116A,,Determinative
A116B,,Determinative
A117,fAi|fAi-xt,Ideogram
A117A,,Determinative
A117B,,Determinative
A118,,Determinative
A119,fAi|fA,Phonetic
A119A,fAi|fA,Phonetic
A12,mnfyt|mSa,Ideogram
A120,,Determinative
A121,,Determinative
A121A,,Determinative
A121B,,Determinative
A121C,ax|ax-pt|twA|twA-pt,Phonetic
A122,,Determinative
A123,,Determinative
A124,,Determinative
A125,fAi|fAi-xt,Ideogram
A126,,Determinative
A127,,Determinative
A12A,,Determinative
A12B,,Determinative
A12C,,Determinative
A12D,,Determinative
A13,sbi|xfty,Ideogram
A130,,Determinative
A131,f|fAi,Phonetic
A131A,f|fAi,Phonetic
A131C,,Determinative
A132,,Determinative
A133,,Determinative
A133A,,Determinative
A133B,,Determinative
A135,,Determinative
A135A,,Determinative
A135B,,Determinative
A135C,xnp|sti|qbH,Ideogram
A135D,,Determinative
A135E,,Determinative
A135F,,Determinative
A136,,Determinative
A137,Ha|Haa,Phonetic
A138,,Determinative
A139,,Determinative
A139A,,Determinative
A139B,,Determinative
A139C,,Determinative
A139D,,Determinative
A13A,,Determinative
A13B,,Determinative
A13C,,Determinative
A13D,,Determinative
A13E,,Determinative
A13F,,Determinative
A13G,,Determinative
A13I,,Determinative
A13J,,Determinative
A13K,aApp,Ideogram
A13L,,Determinative
A13M,,Determinative
A13N,,Determinative
A13O,,Determinative
A13P,,Determinative
A13h,,Determinative
A14,mwt|sbi|xfty,Ideogram
A140,,Determinative
A140A,,Determinative
A141,,Determinative
A141A,,Determinative
A142,,Determinative
A143,,Determinative
A143A,,Determinative
A144,,Determinative
A145,,Determinative
A146,,Determinative
A147,Hai|Ha|Haa,Phonetic
A148,Asx-it|Asx,Ideogram
A149,,Determinative
A14A,mwt|sbi|xfty,Ideogram
A14B,,Determinative
A14C,,Determinative
A14D,,Determinative
A14E,,Determinative
A14F,,Determinative
A14G,,Determinative
A14I,,Determinative
A14J,,Determinative
A14h,,Determinative
A15,xr,Phonetic
A150,,Determinative
A151,,Determinative
A152,,Determinative
A153,,Determinative
A153A,,Determinative
A155,,Determinative
A156,,Determinative
A157,,Determinative
A158,nHp,Ideogram
A158A,,Determinative
A158B,,Determinative
A158C,,Determinative
A158D,,Determinative
A158E,,Determinative
A158F,,Determinative
A159,,Determinative
A15A,,Determinative
A15B,,Determinative
A15C,,Determinative
A16,ks|ksi|ksw,Phonetic
A160,,Determinative
A161,,Determinative
A165,,Determinative
A165A,,Determinative
A166,,Determinative
A168,smsw,Ideogram
A169,,Determinative
A16A,,Determinative
A16B,,Determinative
A16C,,Determinative
A17,nmH|nni|Sri|Xrd,Ideogram
A170,saHa,Ideogram
A171,,Determinative
A172,,Determinative
A174,smsw,Ideogram
A175,,Determinative
A176,nis,Ideogram
A176A,,Determinative
A176B,,Determinative
A179,,Determinative
A179A,,Determinative
A17A,Hms|Hmsi|msw,Ideogram
A17B,,Determinative
A17C,,Determinative
A17D,,Determinative
A18,inp|imty,Ideogram
A180,,Determinative
A181,,Determinative
A182,in-Hrt,Ideogram
A183,,Determinative
A184,sAw,Ideogram
A184A,,Determinative
A185,in-Hrt,Ideogram
A186,,Determinative
A187,,Determinative
A188,,Determinative
A189,,Determinative
A19,iAw|ikw|rhn|smsw|tni|wr,Phonetic
A190,,Determinative
A190A,,Determinative
A192,,Determinative
A193,,Determinative
A194,,Determinative
A194A,,Determinative
A195,,Determinative
A196,,Determinative
A197,,Determinative
A198,,Determinative
A199,,Determinative
A199A,xAtyw|mnhwy|mnH|xAty,Ideogram
A1A,,Determinative
A1B,,Determinative
A1C,,Determinative
A2,,Determinative
A20,smsw,Ideogram
A200,iAwty|msnty,Ideogram
A201,Haa,Ideogram
A202,,Determinative
A203,,Determinative
A204,,Determinative
A205,,Determinative
A206,,Determinative
A207,,Determinative
A207A,,Determinative
A208,,Determinative
A209,,Determinative
A21,smr|sr,Phonetic
A210,,Determinative
A211,,Determinative
A211A,,Determinative
A212,,Determinative
A212A,,Determinative
A214,,Determinative
A215,,Determinative
A216,sbi,Ideogram
A216A,,Determinative
A216B,,Determinative
A216C,,Determinative
A216D,,Determinative
A216E,,Determinative
A216F,,Determinative
A216G,,Determinative
A216h,,Determinative
A218,,Determinative
A219,,Determinative
A219A,,Determinative
A219B,,Determinative
A219C,,Determinative
A219D,,Determinative
A21A,,Determinative
A21B,,Determinative
A22,twt|Xnti,Ideogram
A221,,Determinative
A222,,Determinative
A223,,Determinative
A223A,,Determinative
A223B,,Determinative
A223C,,Determinative
A224,,Determinative
A225,,Determinative
A226,,Determinative
A227,,Determinative
A229,,Determinative
A23,ity,Ideogram
A230,,Determinative
A233,,Determinative
A234,sHnt|s,Phonetic
A235,,Determinative
A236,,Determinative
A237,,Determinative
A239,iHy,Ideogram
A239A,iHy|nTr-aA,Ideogram
A239B,,Determinative
A239C,iHy,Ideogram
A239D,,Determinative
A23A,,Determinative
A23B,,Determinative
A23C,,Determinative
A23D,,Determinative
A23E,,Determinative
A23F,,Determinative
A23G,,Determinative
A23h,,Determinative
A24,Hwi|nxt|sbA|Hw,Phonetic
A240,,Determinative
A240A,,Determinative
A240B,iHy,Ideogram
A240C,,Determinative
A240D,,Determinative
A241,Hsy,Ideogram
A242,,Determinative
A243,,Determinative
A244,,Determinative
A244A,,Determinative
A245,,Determinative
A245A,,Determinative
A245B,,Determinative
A245C,,Determinative
A245D,,Determinative
A247,,Determinative
A248,nw,Phonetic
A248A,,Determinative
A248B,,Determinative
A249,qnj|qn,Phonetic
A249A,,Determinative
A25,Hwi|Hw,Phonetic
A250,wrrt,Ideogram
A251,wnty,Ideogram
A252,,Determinative
A253,,Determinative
A254,sA-ra,Ideogram
A254A,mHt-wrt,Ideogram
A255,,Determinative
A256,nnib,Ideogram
A257,xsbd,Ideogram
A258,,Determinative
A259,,Determinative
A25A,,Determinative
A26,aS|i|nis,Phonetic
A260,,Determinative
A261,,Determinative
A262,msdmt,Ideogram
A263,xnw,Ideogram
A264,xft-Hr,Ideogram
A265,,Determinative
A266,,Determinative
A267,ab,Phonetic
A268,,Determinative
A269,,Determinative
A27,in|ii,Phonetic
A270,,Determinative
A271,,Determinative
A272,sA-ra,Ideogram
A272A,,Determinative
A273,,Determinative
A274,imty,Ideogram
A274A,,Determinative
A275,,Determinative
A276,,Determinative
A278,,Determinative
A278A,,Determinative
A278B,,Determinative
A279,xa,Phonetic
A27A,,Determinative
A28,Hai|HAi|iAs|qAi|qA|Ha,Phonetic
A280,,Determinative
A281,,Determinative
A282,nm,Phonetic
A283,,Determinative
A284,,Determinative
A285,,Determinative
A285A,,Determinative
A286,,Determinative
A287,,Determinative
A287A,,Determinative
A288,,Determinative
A289,,Determinative
A29,sxr,Ideogram
A290,,Determinative
A291,sxm,Ideogram
A292,Hm,Phonetic
A293,,Determinative
A294,,Determinative
A295,,Determinative
A296,,Determinative
A296A,,Determinative
A296B,,Determinative
A296C,,Determinative
A296D,,Determinative
A296E,,Determinative
A296F,,Determinative
A296G,,Determinative
A298,,Determinative
A299,,Determinative
A299A,,Determinative
A299B,,Determinative
A299C,,Determinative
A299D,,Determinative
A299E,,Determinative
A2A,,Determinative
A3,Hms|Hmsi,Ideogram
A30,dwA|iAw|tr|twA,Phonetic
A300,,Determinative
A300A,,Determinative
A300B,,Determinative
A300C,,Determinative
A300D,,Determinative
A300E,,Determinative
A301,,Determinative
A301A,,Determinative
A302,,Determinative
A302A,,Determinative
A302B,,Determinative
A302C,,Determinative
A302D,,Determinative
A303,,Determinative
A304,,Determinative
A304A,,Determinative
A304B,,Determinative
A304C,nsw-bity|nswt-bity,Ideogram
A304D,,Determinative
A304E,,Determinative
A304F,,Determinative
A304G,tm,Phonetic
A305,,Determinative
A305A,,Determinative
A305B,,Determinative
A305C,,Determinative
A306,,Determinative
A307,,Determinative
A308,,Determinative
A308A,,Determinative
A309,,Determinative
A31,anw|an,Phonetic
A310,,Determinative
A310A,,Determinative
A310B,,Determinative
A310C,,Determinative
A310D,,Determinative
A311,ity,Ideogram
A311A,,Determinative
A311B,,Determinative
A311C,,Determinative
A311D,,Determinative
A311E,,Determinative
A311F,,Determinative
A313,Hs,Phonetic
A313A,,Determinative
A314,,Determinative
A314A,,Determinative
A316,,Determinative
A317,,Determinative
A318,,Determinative
A319,,Determinative
A31A,an,Phonetic
A31B,,Determinative
A31C,,Determinative
A32,hy-hnw|xbi|xb,Phonetic
A320,,Determinative
A321,,Determinative
A322,,Determinative
A323,,Determinative
A324,,Determinative
A324A,,Determinative
A326,,Determinative
A327,,Determinative
A32A,,Determinative
A32B,,Determinative
A32C,,Determinative
A32D,,Determinative
A32E,,Determinative
A32F,,Determinative
A32G,,Determinative
A32h,,Determinative
A33,mniw|SmAw,Ideogram
A330,,Determinative
A332,,Determinative
A333,mnw,Ideogram
A334,,Determinative
A335,,Determinative
A336,mnw,Ideogram
A337,,Determinative
A338,,Determinative
A339,,Determinative
A33A,,Determinative
A33B,,Determinative
A33C,,Determinative
A33D,,Determinative
A33E,,Determinative
A34,xwsi|xws,Ideogram
A340,psS|pSS,Ideogram
A341,,Determinative
A342,xsbd,Ideogram
A343,,Determinative
A344,,Determinative
A345,,Determinative
A346,,Determinative
A347,,Determinative
A348,,Determinative
A348A,,Determinative
A349,,Determinative
A34A,,Determinative
A34B,,Determinative
A35,qd,Phonetic
A350,,Determinative
A351,Xn,Phonetic
A352,,Determinative
A353,,Determinative
A354,,Determinative
A355,Htp-di-nsw,Ideogram
A356,,Determinative
A357,,Determinative
A358,,Determinative
A359,ink,Ideogram
A35A,,Determinative
A35B,,Determinative
A35C,qd,Phonetic
A35D,,Determinative
A35E,qd,Phonetic
A35F,qd,Phonetic
A36,afti|afty,Ideogram
A360,,Determinative
A361,an,Phonetic
A362,,Determinative
A363,,Determinative
A364,,Determinative
A365,,Determinative
A366,,Determinative
A367,,Determinative
A368,,Determinative
A369,,Determinative
A36A,afty,Ideogram
A36B,afty,Ideogram
A36C,afty,Ideogram
A37,afti|afty,Ideogram
A370,,Determinative
A371,,Determinative
A372,,Determinative
A374,,Determinative
A375,mH,Phonetic
A376,wdpw,Ideogram
A376A,,Determinative
A377,,Determinative
A378,sAw,Ideogram
A379,,Determinative
A38,qis|qiz,Ideogram
A380,,Determinative
A381,,Determinative
A382,,Determinative
A383,,Determinative
A384,,Determinative
A385,,Determinative
A386,,Determinative
A387,,Determinative
A388,,Determinative
A389,,Determinative
A39,qis|qiz,Ideogram
A390,,Determinative
A391,,Determinative
A392,,Determinative
A393,,Determinative
A394,,Determinative
A395,,Determinative
A396,,Determinative
A397,,Determinative
A398,,Determinative
A399,,Determinative
A3A,,Determinative
A3B,,Determinative
A4,dwA|imn,Ideogram
A40,nTr,Ideogram
A400,,Determinative
A401,,Determinative
A402,rn-f,Ideogram
A403,,Determinative
A404,,Determinative
A405,,Determinative
A406,,Determinative
A407,,Determinative
A408,,Determinative
A409,,Determinative
A40A,,Determinative
A40B,,Determinative
A40C,,Determinative
A40D,,Determinative
A40E,,Determinative
A40F,,Determinative
A40G,,Determinative
A40I,,Determinative
A40h,,Determinative
A41,Hm|nsw,Phonetic
A410,,Determinative
A411,,Determinative
A412,,Determinative
A412A,,Determinative
A413,,Determinative
A414,,Determinative
A415,,Determinative
A416,,Determinative
A417,,Determinative
A418,,Determinative
A419,,Determinative
A42,Hm|nsw,Phonetic
A420,,Determinative
A421,,Determinative
A422,,Determinative
A423,,Determinative
A424,,Determinative
A425,,Determinative
A426,,Determinative
A426A,,Determinative
A426B,,Determinative
A427,,Determinative
A428,,Determinative
A429,,Determinative
A42A,Hm|nsw,Phonetic
A42B,Hm|nsw,Phonetic
A42C,,Determinative
A43,nsw|wsir,Ideogram
A430,,Determinative
A431,,Determinative
A432,Ss,Phonetic
A433,,Determinative
A434,,Determinative
A435,,Determinative
A436,,Determinative
A437,,Determinative
A438,,Determinative
A439,,Determinative
A43A,nsw|wsir,Ideogram
A43B,,Determinative
A43C,,Determinative
A43D,,Determinative
A43E,,Determinative
A43F,,Determinative
A43G,,Determinative
A43I,,Determinative
A43J,,Determinative
A43K,,Determinative
A43L,,Determinative
A43M,,Determinative
A43h,,Determinative
A44,nsw|wsir,Ideogram
A440,,Determinative
A441,,Determinative
A442,,Determinative
A443,,Determinative
A444,,Determinative
A445,,Determinative
A446,,Determinative
A447,,Determinative
A448,,Determinative
A449,,Determinative
A45,bity,Ideogram
A450,,Determinative
A451,,Determinative
A452,,Determinative
A453,,Determinative
A454,,Determinative
A455,,Determinative
A456,,Determinative
A457,,Determinative
A458,,Determinative
A459,,Determinative
A45A,,Determinative
A45B,n|itm,Phonetic
A45C,,Determinative
A45D,,Determinative
A45E,,Determinative
A46,bity,Ideogram
A460,,Determinative
A461,,Determinative
A461A,,Determinative
A462,,Determinative
A463,,Determinative
A463A,,Determinative
A464,,Determinative
A465,,Determinative
A465A,,Determinative
A465B,,Determinative
A465C,,Determinative
A466,,Determinative
A466A,,Determinative
A467,,Determinative
A468,,Determinative
A468A,,Determinative
A469,,Determinative
A47,iry|mniw|sAw,Ideogram
A470,,Determinative
A471,,Determinative
A472,,Determinative
A473,,Determinative
A474,,Determinative
A475,,Determinative
A476,ws,Phonetic
A477,,Determinative
A478,,Determinative
A479,,Determinative
A47A,,Determinative
A47B,,Determinative
A47C,,Determinative
A47D,,Determinative
A47E,,Determinative
A48,iry|mniw|sAw,Ideogram
A480,,Determinative
A481,,Determinative
A482,,Determinative
A483,,Determinative
A484,,Determinative
A485,,Determinative
A486,,Determinative
A487,,Determinative
A488,,Determinative
A489,,Determinative
A48A,iry,Ideogram
A48B,,Determinative
A49,aAmw,Ideogram
A490,,Determinative
A491,,Determinative
A492,,Determinative
A493,,Determinative
A494,,Determinative
A495,,Determinative
A496,,Determinative
A497,,Determinative
A498,,Determinative
A499,,Determinative
A49A,,Determinative
A4A,,Determinative
A4B,,Determinative
A4C,,Determinative
A4D,,Determinative
A5,imn,Ideogram
A50,Sps|Spsi,Ideogram
A500,,Determinative
A501,,Determinative
A502,,Determinative
A504,,Determinative
A505,,Determinative
A506,,Determinative
A507,,Determinative
A508,,Determinative
A509,,Determinative
A50A,,Determinative
A50B,,Determinative
A50C,,Determinative
A50D,,Determinative
A50E,,Determinative
A50F,,Determinative
A50G,,Determinative
A51,Sps|Spsi,Ideogram
A510,,Determinative
A511,,Determinative
A51A,,Determinative
A51B,,Determinative
A51C,,Determinative
A51D,,Determinative
A51E,,Determinative
A51F,,Determinative
A51G,,Determinative
A52,saH|Sps|Spsi,Ideogram
A52A,,Determinative
A52B,,Determinative
A52C,,Determinative
A52D,,Determinative
A52E,,Determinative
A52F,,Determinative
A52G,,Determinative
A52I,,Determinative
A52J,,Determinative
A52h,,Determinative
A53,qi|twt|wi,Phonetic
A53A,,Determinative
A54,mni|nb-anx,Ideogram
A55,sDr|XAt,Ideogram
A55A,sDr|XAt,Ideogram
A56,,Determinative
A57,,Determinative
A57A,,Determinative
A57B,,Determinative
A57C,,Determinative
A57D,,Determinative
A58,bA,Phonetic
A58A,,Determinative
A58B,,Determinative
A59,sHr,Ideogram
A59A,sHr,Ideogram
A5A,,Determinative
A5B,,Determinative
A6,wab,Ideogram
A60,sti,Ideogram
A600,wh,Phonetic
A601,Hwty,Ideogram
A602,,Determinative
A603,,Determinative
A604,,Determinative
A605,wnS,Ideogram
A606,,Determinative
A607,,Determinative
A60A,,Determinative
A61,an|msnH,Phonetic
A62,wr,Phonetic
A62A,,Determinative
A63,,Determinative
A63A,,Determinative
A63B,,Determinative
A66,,Determinative
A67,,Determinative
A68,,Determinative
A69,,Determinative
A6A,,Determinative
A6B,,Determinative
A6C,,Determinative
A6D,,Determinative
A6E,,Determinative
A6F,,Determinative
A6G,,Determinative
A6I,,Determinative
A6J,,Determinative
A6K,,Determinative
A6L,,Determinative
A6h,,Determinative
A7,wrd|nn|Hms,Phonetic
A71,,Determinative
A72,,Determinative
A72A,,Determinative
A73,HH,Phonetic
A73A,,Determinative
A73B,,Determinative
A74,,Determinative
A75,,Determinative
A76,,Determinative
A76A,,Determinative
A76B,,Determinative
A76C,,Determinative
A76D,,Determinative
A77,,Determinative
A78,,Determinative
A7A,,Determinative
A8,hnw,Ideogram
A80,snsn|Htr,Ideogram
A80A,,Determinative
A80B,,Determinative
A81,,Determinative
A81A,,Determinative
A81B,,Determinative
A82,,Determinative
A83,,Determinative
A84,,Determinative
A85,,Determinative
A86,,Determinative
A87,,Determinative
A87A,,Determinative
A88,,Determinative
A89,,Determinative
A8A,,Determinative
A9,ATp|Atp|fAi|fA|kAt|f,Phonetic
A90,,Determinative
A90A,,Determinative
A90B,,Determinative
A90C,,Determinative
A90D,,Determinative
A91,,Determinative
A92,sn-tA,Ideogram
A93,,Determinative
A94,,Determinative
A95,,Determinative
A96,,Determinative
A96A,,Determinative
A97,,Determinative
A98,,Determinative
A99,,Determinative
A9A,,Determinative
A9B,,Determinative
A9C,,Determinative
AA,,Determinative
Aa1,x,Phonetic
Aa10,drf,Ideogram
Aa11,mAa,Ideogram
Aa11v,,Determinative
Aa12,mAa,Ideogram
Aa13,gs|im|m,Phonetic
Aa13VARA,im,Phonetic
Aa14,gs|im|m,Phonetic
Aa15,gs|im|m,Phonetic
Aa16,gs,Phonetic
Aa17,sA|zA,Phonetic
Aa18,sA|zA,Phonetic
Aa18A,,Determinative
Aa19,Hr,Phonetic
Aa1B,,Determinative
Aa2,gA|Hsb|wHA|Xpw,Phonetic
Aa20,apr,Ideogram
Aa20A,,Determinative
Aa20B,,Determinative
Aa20C,,Determinative
Aa20D,apr,Ideogram
Aa21,sTS|wDa,Ideogram
Aa21A,sTs|wDa,Ideogram
Aa21B,wDa,Ideogram
Aa21C,wDa,Ideogram
Aa22,wDa,Ideogram
Aa23,mDd,Ideogram
Aa23A,,Determinative
Aa23B,,Determinative
Aa23C,Ssmw,Ideogram
Aa23D,,Determinative
Aa23E,,Determinative
Aa23F,,Determinative
Aa23G,,Determinative
Aa23I,,Determinative
Aa23J,,Determinative
Aa23K,,Determinative
Aa23L,Ssmw,Ideogram
Aa23M,,Determinative
Aa23N,,Determinative
Aa23O,,Determinative
Aa23P,,Determinative
Aa23Q,,Determinative
Aa23R,,Determinative
Aa23S,,Determinative
Aa23T,,Determinative
Aa23h,,Determinative
Aa24,mDd,Ideogram
Aa24A,,Determinative
Aa24B,,Determinative
Aa25,smA|smAty,Ideogram
Aa25A,,Determinative
Aa26,sbi,Ideogram
Aa27,nD,Phonetic
Aa27A,,Determinative
Aa27B,,Determinative
Aa27C,,Determinative
Aa27D,nD,Phonetic
Aa27E,,Determinative
Aa27F,,Determinative
Aa27G,,Determinative
Aa28,qd,Phonetic
Aa29,qd,Phonetic
Aa3,Hsb,Ideogram
Aa30,Xkr,Ideogram
Aa30h,,Determinative
Aa31,Xkr,Ideogram
Aa32,sti,Ideogram
Aa32A,,Determinative
Aa32h,,Determinative
Aa34,,Determinative
Aa34A,,Determinative
Aa35,,Determinative
Aa36,apr,Ideogram
Aa37,,Determinative
Aa38,,Determinative
Aa39,,Determinative
Aa3A,,Determinative
Aa3B,,Determinative
Aa3C,,Determinative
Aa4,ab|Hnt|iab|sxw|wsx,Phonetic
Aa40,,Determinative
Aa41,,Determinative
Aa42,,Determinative
Aa43,,Determinative
Aa44,,Determinative
Aa45,,Determinative
Aa46,,Determinative
Aa47,,Determinative
Aa48,,Determinative
Aa49,,Determinative
Aa49A,,Determinative
Aa4A,,Determinative
Aa5,Hp,Phonetic
Aa50,,Determinative
Aa50A,,Determinative
Aa51,,Determinative
Aa52,tm|tmAt,Phonetic
Aa53,tm|tmAt,Phonetic
Aa54,m|idt,Phonetic
Aa55,idt|wrt|msxnt,Ideogram
Aa56,m,Phonetic
Aa57,,Determinative
Aa58,,Determinative
Aa59,,Determinative
Aa5A,,Determinative
Aa5B,,Determinative
Aa5C,,Determinative
Aa5D,,Determinative
Aa6,tmA|TmA,Ideogram
Aa60,,Determinative
Aa61,,Determinative
Aa62,,Determinative
Aa63,,Determinative
Aa64,,Determinative
Aa65,,Determinative
Aa66,,Determinative
Aa67,,Determinative
Aa68,,Determinative
Aa69,,Determinative
Aa7,sqr,Ideogram
Aa70,,Determinative
Aa71,,Determinative
Aa72,,Determinative
Aa73,,Determinative
Aa74,,Determinative
Aa75,,Determinative
Aa76,,Determinative
Aa77,,Determinative
Aa78,,Determinative
Aa79,,Determinative
Aa7B,sqr,Ideogram
Aa8,DA|DAt|qn|spAt,Phonetic
Aa80,,Determinative
Aa81,,Determinative
Aa8A,,Determinative
Aa8B,,Determinative
Aa9,xwd,Ideogram
Ab,,Determinative
Abd,,Determinative
Aby,,Determinative
Ai,,Determinative
Ams,,Determinative
Ar,,Determinative
Atf,,Determinative
Aw,,Determinative
Ax,,Determinative
Axt,,Determinative
B1,st|i|T,Phonetic
B10,,Determinative
B100,,Determinative
B101,,Determinative
B102,,Determinative
B102A,,Determinative
B103,,Determinative
B104,,Determinative
B105,,Determinative
B106,,Determinative
B11,,Determinative
B12,wrD|bq|bAq,Phonetic
B13,,Determinative
B13A,,Determinative
B14,,Determinative
B15,,Determinative
B15A,,Determinative
B16,nyny,Ideogram
B17,,Determinative
B18,,Determinative
B18A,,Determinative
B19,,Determinative
B19A,,Determinative
B1A,,Determinative
B1B,,Determinative
B1C,,Determinative
B1D,,Determinative
B1E,,Determinative
B1F,,Determinative
B1G,,Determinative
B1I,,Determinative
B1J,,Determinative
B1K,,Determinative
B1L,,Determinative
B1h,,Determinative
B2,bkA|iwr,Ideogram
B20,,Determinative
B21,,Determinative
B21A,,Determinative
B21B,,Determinative
B21C,,Determinative
B21D,,Determinative
B21E,,Determinative
B22,,Determinative
B23,,Determinative
B23A,Spst,Ideogram
B23B,,Determinative
B23C,,Determinative
B23D,,Determinative
B23E,,Determinative
B23F,,Determinative
B24,,Determinative
B24A,,Determinative
B25,,Determinative
B26,,Determinative
B27,nyny,Ideogram
B28,,Determinative
B29,,Determinative
B2A,,Determinative
B3,ms|msi,Phonetic
B30,,Determinative
B31,,Determinative
B32,,Determinative
B33,smswt,Ideogram
B34,,Determinative
B35,HqAt,Ideogram
B36,,Determinative
B36A,,Determinative
B36B,,Determinative
B37,xbt,Ideogram
B38,,Determinative
B38A,,Determinative
B39,,Determinative
B39A,,Determinative
B3A,,Determinative
B3B,,Determinative
B3C,,Determinative
B4,ms|msi,Phonetic
B40,ityt,Ideogram
B41,,Determinative
B42,,Determinative
B42A,,Determinative
B43,,Determinative
B44,,Determinative
B45,nhm,Ideogram
B45A,nhm,Ideogram
B45B,,Determinative
B46,,Determinative
B47,,Determinative
B48,Hsy|Hsi,Ideogram
B48A,,Determinative
B49,wrt|srt,Ideogram
B49A,,Determinative
B5,mnat,Ideogram
B50,,Determinative
B51,,Determinative
B52,,Determinative
B53,,Determinative
B54,,Determinative
B55,,Determinative
B56,,Determinative
B56A,,Determinative
B56B,,Determinative
B57,,Determinative
B58,,Determinative
B59,,Determinative
B5A,,Determinative
B5B,,Determinative
B5C,,Determinative
B5D,,Determinative
B5E,,Determinative
B6,rnn,Ideogram
B60,,Determinative
B61,,Determinative
B62,,Determinative
B63,,Determinative
B64,,Determinative
B65,,Determinative
B65A,,Determinative
B66,,Determinative
B67,,Determinative
B68,,Determinative
B69,,Determinative
B6A,,Determinative
B6B,,Determinative
B6C,,Determinative
B7,,Determinative
B70,,Determinative
B71,,Determinative
B72,,Determinative
B73,,Determinative
B74,,Determinative
B75,,Determinative
B76,,Determinative
B77,,Determinative
B77A,,Determinative
B78,,Determinative
B79,,Determinative
B7A,Hnwt,Ideogram
B7B,,Determinative
B7C,,Determinative
B7D,,Determinative
B7E,Hnwt,Ideogram
B7F,,Determinative
B7G,,Determinative
B7I,,Determinative
B7J,,Determinative
B7h,,Determinative
B8,,Determinative
B80,,Determinative
B80A,ityt,Ideogram
B81,,Determinative
B82,,Determinative
B83,,Determinative
B84,,Determinative
B85,,Determinative
B86,,Determinative
B87,,Determinative
B88,,Determinative
B89,,Determinative
B8A,,Determinative
B8B,,Determinative
B8C,,Determinative
B8D,,Determinative
B8E,,Determinative
B8F,,Determinative
B8G,,Determinative
B8I,,Determinative
B8h,,Determinative
B9,,Determinative
B90,,Determinative
B91,,Determinative
B92,,Determinative
B93,,Determinative
B94,,Determinative
B95,,Determinative
B96,,Determinative
B97,,Determinative
B98,,Determinative
B99,,Determinative
BEGINEDITORADDITION,,Determinative
BEGINEDITORSUPERFLUOUS,,Determinative
BEGINERASE,,Determinative
BEGINMINORADDITION,,Determinative
BEGINPREVIOUSLYREADABLE,,Determinative
BEGINSCRIBEADDITION,,Determinative
C1,ra,Phonetic
C10,mAat,Ideogram
C100,wsir,Ideogram
C101,wsir,Ideogram
C101A,,Determinative
C102,ptH,Ideogram
C102A,,Determinative
C102B,,Determinative
C102C,,Determinative
C102D,,Determinative
C102E,,Determinative
C102F,,Determinative
C102G,,Determinative
C103,,Determinative
C104,,Determinative
C104A,Sw,Phonetic
C104B,,Determinative
C104C,,Determinative
C104D,,Determinative
C105,,Determinative
C105A,,Determinative
C105B,,Determinative
C105C,,Determinative
C105D,,Determinative
C105E,,Determinative
C106,,Determinative
C106A,,Determinative
C106B,,Determinative
C107,sbk,Ideogram
C107A,,Determinative
C108,spdw,Ideogram
C108A,,Determinative
C109,,Determinative
C109A,,Determinative
C10A,mAat,Ideogram
C10B,,Determinative
C10C,,Determinative
C10D,,Determinative
C10E,,Determinative
C10F,,Determinative
C10G,,Determinative
C11,HH,Phonetic
C110,,Determinative
C111,,Determinative
C111A,,Determinative
C111B,,Determinative
C111C,,Determinative
C112,Hpy,Ideogram
C113,,Determinative
C113A,,Determinative
C114,,Determinative
C114A,,Determinative
C115,,Determinative
C115A,,Determinative
C116,DHwty|aA|wr,Phonetic
C116A,DHwty|aA|wr,Phonetic
C116B,,Determinative
C117,,Determinative
C118,iaH,Ideogram
C118A,iaH,Ideogram
C119,gb,Phonetic
C119A,,Determinative
C119B,,Determinative
C11B,,Determinative
C11C,,Determinative
C11D,,Determinative
C11E,,Determinative
C11G,,Determinative
C11I,,Determinative
C11J,,Determinative
C11K,,Determinative
C11L,,Determinative
C11h,,Determinative
C12,imn|nb,Phonetic
C120,,Determinative
C121,ir,Phonetic
C122,sDm,Ideogram
C123,Hw,Phonetic
C124,siA,Ideogram
C125,,Determinative
C125A,sxm,Ideogram
C125B,,Determinative
C126,Axt,Ideogram
C126A,,Determinative
C127,HA,Phonetic
C128,,Determinative
C129,,Determinative
C12A,,Determinative
C12B,,Determinative
C12C,,Determinative
C12D,,Determinative
C12E,,Determinative
C12F,imn-Hr-xpS-f,Ideogram
C12G,,Determinative
C12I,,Determinative
C12J,,Determinative
C12K,,Determinative
C12L,,Determinative
C12M,,Determinative
C12h,,Determinative
C130,,Determinative
C131,,Determinative
C132,,Determinative
C132A,,Determinative
C133,kA,Phonetic
C134,,Determinative
C135,,Determinative
C136,nTr,Ideogram
C137,,Determinative
C138,,Determinative
C138A,,Determinative
C138B,,Determinative
C138C,,Determinative
C138D,,Determinative
C139,,Determinative
C14,Imn-Hr-xpS-f,Ideogram
C140,,Determinative
C140A,,Determinative
C141,,Determinative
C144,,Determinative
C145,,Determinative
C146,,Determinative
C147,,Determinative
C148,,Determinative
C148A,,Determinative
C149,,Determinative
C149A,,Determinative
C150,,Determinative
C151,,Determinative
C151A,,Determinative
C152,,Determinative
C153,,Determinative
C153A,,Determinative
C154,,Determinative
C155,,Determinative
C155A,,Determinative
C155B,,Determinative
C156,,Determinative
C157,,Determinative
C158,,Determinative
C159,ist|Ast,Ideogram
C159A,,Determinative
C159B,,Determinative
C159C,,Determinative
C159D,,Determinative
C159E,,Determinative
C159F,,Determinative
C159G,,Determinative
C159I,,Determinative
C159h,,Determinative
C16,,Determinative
C160,,Determinative
C161,,Determinative
C161A,,Determinative
C162,,Determinative
C163,xw,Phonetic
C163A,,Determinative
C164,bAstt,Ideogram
C164A,,Determinative
C164B,,Determinative
C164C,,Determinative
C164D,,Determinative
C164E,,Determinative
C164F,,Determinative
C165,mnHyt|mHyt,Ideogram
C165A,,Determinative
C165B,,Determinative
C165C,,Determinative
C165D,,Determinative
C166,,Determinative
C166A,,Determinative
C167,,Determinative
C168,,Determinative
C169,,Determinative
C17,mnTw,Ideogram
C170,Hryt-xndw,Ideogram
C171,St|StA,Phonetic
C171A,,Determinative
C172,,Determinative
C173,,Determinative
C174,,Determinative
C175,,Determinative
C175A,,Determinative
C176,,Determinative
C177,wsr-mAat-ra,Ideogram
C178,,Determinative
C178A,,Determinative
C179,rwt-dit-mAat,Ideogram
C17A,mnTw|Hr-smA-tAwy,Ideogram
C17B,mnTw|Hr-smA-tAwy,Ideogram
C17C,,Determinative
C17D,,Determinative
C18,TA-tnn,Ideogram
C180,mrt,Ideogram
C180A,mrt,Ideogram
C180B,,Determinative
C180C,,Determinative
C180D,,Determinative
C181,,Determinative
C182,mrt,Ideogram
C182A,,Determinative
C182B,,Determinative
C183,mwt,Ideogram
C183A,,Determinative
C183VARA,,Determinative
C184,,Determinative
C185,,Determinative
C185A,n|nt,Phonetic
C185B,,Determinative
C185C,,Determinative
C185D,,Determinative
C185E,,Determinative
C186,,Determinative
C187,,Determinative
C188,,Determinative
C188A,,Determinative
C188B,,Determinative
C188C,,Determinative
C189,,Determinative
C18A,tA-tnn|tA-Tnn|Tn,Phonetic
C18B,,Determinative
C18C,,Determinative
C18D,,Determinative
C18E,,Determinative
C18F,,Determinative
C19,ptH,Ideogram
C190,nbt-Hwt,Ideogram
C190A,,Determinative
C190B,,Determinative
C190C,,Determinative
C190D,,Determinative
C191,,Determinative
C192,,Determinative
C193,,Determinative
C193A,,Determinative
C194,,Determinative
C195,,Determinative
C195A,,Determinative
C195B,pt|nwt,Phonetic
C196,,Determinative
C196A,,Determinative
C197,,Determinative
C197A,,Determinative
C198,spdt,Ideogram
C199,,Determinative
C199A,pt|nnt|gbt,Phonetic
C19A,,Determinative
C19B,ptH,Ideogram
C19C,,Determinative
C1A,,Determinative
C1B,,Determinative
C1D,,Determinative
C2,ra,Phonetic
C20,ptH|ptH,Ideogram
C200,,Determinative
C201,,Determinative
C202,,Determinative
C203,,Determinative
C204,psD,Ideogram
C205,stt,Ideogram
C206,sSAt,Ideogram
C206A,,Determinative
C207,,Determinative
C208,,Determinative
C209,pD-Ssr,Ideogram
C20A,ptH,Ideogram
C20B,,Determinative
C21,bA-nxn|bAw-nxn,Ideogram
C210,,Determinative
C211,,Determinative
C212,,Determinative
C213,,Determinative
C214,,Determinative
C214A,,Determinative
C215,,Determinative
C216,,Determinative
C216A,,Determinative
C216B,,Determinative
C217,,Determinative
C218,,Determinative
C218A,,Determinative
C219,,Determinative
C21A,,Determinative
C22,sHr,Ideogram
C220,,Determinative
C221,,Determinative
C221A,,Determinative
C222,,Determinative
C222A,,Determinative
C222B,,Determinative
C223,,Determinative
C223A,,Determinative
C224,,Determinative
C225,,Determinative
C226,,Determinative
C227,,Determinative
C228,,Determinative
C229,,Determinative
C22A,,Determinative
C22B,,Determinative
C22C,,Determinative
C22D,,Determinative
C22E,,Determinative
C22F,,Determinative
C22G,,Determinative
C22I,,Determinative
C22h,,Determinative
C23,,Determinative
C230,,Determinative
C231,,Determinative
C232,,Determinative
C233,wn,Phonetic
C233A,,Determinative
C233B,,Determinative
C233C,,Determinative
C234,,Determinative
C235,,Determinative
C235A,,Determinative
C236,,Determinative
C237,,Determinative
C238,dwA,Ideogram
C239,,Determinative
C24,dwA-mwtf,Ideogram
C240,,Determinative
C241,,Determinative
C242,,Determinative
C243,,Determinative
C244,,Determinative
C245,,Determinative
C246,,Determinative
C247,sbk,Ideogram
C248,,Determinative
C249,,Determinative
C25,inpw|wsr,Ideogram
C250,SmAy,Ideogram
C251,,Determinative
C252,,Determinative
C253,,Determinative
C254,,Determinative
C255,,Determinative
C255A,,Determinative
C255B,,Determinative
C255C,,Determinative
C256,,Determinative
C257,,Determinative
C258,,Determinative
C258A,,Determinative
C259,,Determinative
C25A,,Determinative
C26,wpwty,Ideogram
C260,SntAyt,Ideogram
C261,,Determinative
C262,,Determinative
C262A,,Determinative
C263,,Determinative
C264,,Determinative
C265,,Determinative
C265A,,Determinative
C266,,Determinative
C267,,Determinative
C268,,Determinative
C268A,,Determinative
C268B,,Determinative
C268C,,Determinative
C268D,,Determinative
C268E,,Determinative
C268F,,Determinative
C268G,irt-ra,Ideogram
C268I,,Determinative
C268h,,Determinative
C269,,Determinative
C26A,,Determinative
C26B,,Determinative
C27,,Determinative
C270,,Determinative
C271,,Determinative
C272,,Determinative
C273,,Determinative
C274,,Determinative
C274A,,Determinative
C274B,,Determinative
C275,,Determinative
C275A,,Determinative
C276,,Determinative
C277,,Determinative
C278,,Determinative
C279,,Determinative
C27A,,Determinative
C27B,,Determinative
C27C,,Determinative
C27D,,Determinative
C28,,Determinative
C280,,Determinative
C281,,Determinative
C282,,Determinative
C283,,Determinative
C284,,Determinative
C285,,Determinative
C286,,Determinative
C287,,Determinative
C288,,Determinative
C288A,,Determinative
C288B,,Determinative
C289,sxmt,Ideogram
C29,,Determinative
C290,,Determinative
C291,,Determinative
C292,,Determinative
C293,nHH-Dt,Ideogram
C294,,Determinative
C295,,Determinative
C296,,Determinative
C297,,Determinative
C298,,Determinative
C299,,Determinative
C2A,,Determinative
C2B,,Determinative
C2C,,Determinative
C2D,,Determinative
C2E,,Determinative
C2F,,Determinative
C2G,,Determinative
C2I,nb-mAat-ra,Ideogram
C2h,,Determinative
C3,DHwty,Ideogram
C30,,Determinative
C300,,Determinative
C301,,Determinative
C302,,Determinative
C303,rst-Hwwts,Ideogram
C304,,Determinative
C305,,Determinative
C306,,Determinative
C307,,Determinative
C308,,Determinative
C309,,Determinative
C30A,,Determinative
C31,,Determinative
C310,,Determinative
C311,,Determinative
C32,nb|tm,Phonetic
C32A,,Determinative
C32B,,Determinative
C33,bs,Phonetic
C33A,,Determinative
C34,nm,Phonetic
C35,nHp,Ideogram
C35A,,Determinative
C36,,Determinative
C37,,Determinative
C38,,Determinative
C38B,,Determinative
C39,,Determinative
C39A,nTr,Ideogram
C39B,,Determinative
C39C,,Determinative
C39D,,Determinative
C39E,,Determinative
C39F,,Determinative
C39G,,Determinative
C39h,,Determinative
C3A,,Determinative
C3B,,Determinative
C3C,,Determinative
C3D,,Determinative
C4,Xnmw,Ideogram
C40,bA-pe|bAw-pe,Ideogram
C41,,Determinative
C42,,Determinative
C43,,Determinative
C43A,,Determinative
C43B,,Determinative
C43C,,Determinative
C43D,,Determinative
C43E,,Determinative
C43F,,Determinative
C43G,,Determinative
C44,,Determinative
C45,,Determinative
C45A,,Determinative
C46,skr,Ideogram
C46A,,Determinative
C46B,,Determinative
C46C,,Determinative
C47,,Determinative
C48,,Determinative
C49,,Determinative
C49A,xnsw,Ideogram
C49B,,Determinative
C4A,,Determinative
C4B,,Determinative
C4C,,Determinative
C4D,,Determinative
C4E,,Determinative
C4F,,Determinative
C4G,,Determinative
C4I,,Determinative
C4J,,Determinative
C4h,,Determinative
C5,Xnmw,Ideogram
C50,,Determinative
C50A,Axty,Ideogram
C50B,,Determinative
C51,,Determinative
C52,nTr,Ideogram
C52A,,Determinative
C52B,,Determinative
C52C,,Determinative
C52D,nTr-nTrt,Ideogram
C53,,Determinative
C53A,,Determinative
C53B,,Determinative
C53C,irt-ra,Ideogram
C54,Axty,Ideogram
C55,Hr-bHdty,Ideogram
C56,Hr-bHdty,Ideogram
C56A,,Determinative
C57,,Determinative
C58,,Determinative
C59,,Determinative
C59A,,Determinative
C59B,,Determinative
C59C,,Determinative
C6,inpw,Ideogram
C60,,Determinative
C61,,Determinative
C61A,,Determinative
C62,mAa-xrw,Ideogram
C63,,Determinative
C64,,Determinative
C64A,nHH,Ideogram
C65,,Determinative
C65A,,Determinative
C66,,Determinative
C67,,Determinative
C68,,Determinative
C69,,Determinative
C69A,,Determinative
C6A,,Determinative
C6B,wp-wAwt,Ideogram
C6C,,Determinative
C6D,,Determinative
C6E,,Determinative
C6F,,Determinative
C6G,,Determinative
C7,stX,Ideogram
C70,qbH-snwf,Ideogram
C71,wnty,Ideogram
C71A,,Determinative
C72,,Determinative
C73,,Determinative
C74,,Determinative
C75,,Determinative
C76,,Determinative
C76A,,Determinative
C77,gb|tA,Phonetic
C77A,,Determinative
C78,,Determinative
C78A,,Determinative
C78B,,Determinative
C78C,,Determinative
C78D,,Determinative
C78E,,Determinative
C78F,,Determinative
C78G,,Determinative
C79,,Determinative
C7A,,Determinative
C7B,,Determinative
C7C,,Determinative
C7D,,Determinative
C7E,,Determinative
C7F,,Determinative
C8,mnw,Ideogram
C80,,Determinative
C81,Hr-smA-tAwy,Ideogram
C82,,Determinative
C84,,Determinative
C87,,Determinative
C88,,Determinative
C89,nfrtm|nfr-tm,Ideogram
C8A,,Determinative
C9,Hwt-Hr,Ideogram
C90,,Determinative
C91,,Determinative
C91A,,Determinative
C91B,,Determinative
C92,Hapy,Ideogram
C92A,,Determinative
C92B,,Determinative
C93,,Determinative
C94,Hapy,Ideogram
C94A,,Determinative
C95,,Determinative
C95A,,Determinative
C96,,Determinative
C97,rs|sAH,Phonetic
C98,wsir|nsw|Dt,Phonetic
C98A,wsir,Ideogram
C98B,wsir,Ideogram
C98C,,Determinative
C98D,,Determinative
C98E,,Determinative
C98F,,Determinative
C99,wsir,Ideogram
C99A,wsir,Ideogram
C99B,wsir,Ideogram
C9A,,Determinative
C9B,,Determinative
C9C,,Determinative
C9D,,Determinative
C9E,,Determinative
C9F,,Determinative
C9G,,Determinative
C9I,,Determinative
C9J,,Determinative
C9K,,Determinative
C9L,,Determinative
C9h,,Determinative
D1,DADA|tp,Phonetic
D10,wDAt|wDA,Ideogram
D100,,Determinative
D101,,Determinative
D102,,Determinative
D103,,Determinative
D104,,Determinative
D105,,Determinative
D106,,Determinative
D107,,Determinative
D108,,Determinative
D109,,Determinative
D10A,,Determinative
D10B,,Determinative
D10C,,Determinative
D11,,Determinative
D110,,Determinative
D111,,Determinative
D112,,Determinative
D113,,Determinative
D114,,Determinative
D115,,Determinative
D116,,Determinative
D117,,Determinative
D118,,Determinative
D119,,Determinative
D12,DfD|ir|mA,Phonetic
D120,,Determinative
D121,,Determinative
D122,,Determinative
D123,,Determinative
D124,,Determinative
D125,,Determinative
D126,,Determinative
D127,,Determinative
D128,,Determinative
D129,,Determinative
D129A,,Determinative
D13,,Determinative
D130,,Determinative
D130A,,Determinative
D131,,Determinative
D132,H|Hnsqty|Sri,Phonetic
D133,,Determinative
D134,,Determinative
D135,,Determinative
D136,,Determinative
D137,,Determinative
D138,an|ptr|rs|HsA|sDm,Phonetic
D139,,Determinative
D14,,Determinative
D140,,Determinative
D141,,Determinative
D141A,,Determinative
D142,,Determinative
D143,,Determinative
D143A,,Determinative
D143B,,Determinative
D144,irt-ra,Ideogram
D144A,,Determinative
D144B,,Determinative
D145,,Determinative
D146,,Determinative
D147,,Determinative
D148,,Determinative
D149,,Determinative
D15,,Determinative
D150,,Determinative
D150A,,Determinative
D151,nbt|rwy,Ideogram
D151A,,Determinative
D151B,,Determinative
D152,,Determinative
D153,r|rA,Phonetic
D154,,Determinative
D154A,,Determinative
D155,,Determinative
D156,xAbAs|xbswt,Ideogram
D157,,Determinative
D158,,Determinative
D159,,Determinative
D16,,Determinative
D160,,Determinative
D161,,Determinative
D161A,,Determinative
D162,,Determinative
D163,,Determinative
D164,,Determinative
D165,,Determinative
D166,,Determinative
D167,,Determinative
D168,,Determinative
D169,,Determinative
D17,tit|dnit,Ideogram
D170,,Determinative
D170A,,Determinative
D171,,Determinative
D172,,Determinative
D173,,Determinative
D174,,Determinative
D175,mk,Phonetic
D176,,Determinative
D176A,,Determinative
D177,kA,Phonetic
D177A,,Determinative
D178,,Determinative
D178A,,Determinative
D178B,,Determinative
D178C,,Determinative
D178D,,Determinative
D179,,Determinative
D18,msDr|anx,Ideogram
D180,,Determinative
D181,,Determinative
D181A,,Determinative
D181B,,Determinative
D182,,Determinative
D182A,,Determinative
D183,,Determinative
D184,,Determinative
D185,,Determinative
D186,,Determinative
D187,,Determinative
D188,Hsk,Ideogram
D189,,Determinative
D19,fnd|fnD|xnt|sty|xn|rS|sn,Phonetic
D190,,Determinative
D191,,Determinative
D192,,Determinative
D193,,Determinative
D194,,Determinative
D195,,Determinative
D196,,Determinative
D197,sxn,Ideogram
D198,,Determinative
D199,sxn,Ideogram
D1A,,Determinative
D2,Hr,Phonetic
D20,fnd|fnD|xnt|rS,Phonetic
D200,,Determinative
D201,,Determinative
D202,,Determinative
D203,,Determinative
D204,,Determinative
D205,,Determinative
D206,,Determinative
D207,,Determinative
D208,,Determinative
D209,,Determinative
D21,r|rA,Phonetic
D210,,Determinative
D211,mwt,Ideogram
D212,,Determinative
D212A,,Determinative
D213,,Determinative
D214,,Determinative
D215,,Determinative
D216,,Determinative
D217,mk,Phonetic
D218,Ssp,Ideogram
D218A,Ssp,Ideogram
D219,Xrt-hrw,Ideogram
D21A,,Determinative
D22,rAwi|nbt,Ideogram
D220,,Determinative
D221,,Determinative
D222,,Determinative
D223,,Determinative
D224,,Determinative
D225,,Determinative
D226,,Determinative
D227,,Determinative
D228,arf,Ideogram
D229,,Determinative
D229A,,Determinative
D22A,,Determinative
D22B,,Determinative
D23,xmt-rAw|rA-xmt|xmt-rAw,Ideogram
D230,,Determinative
D231,,Determinative
D232,,Determinative
D233,,Determinative
D234,,Determinative
D235,,Determinative
D236,,Determinative
D236A,ia|iai,Phonetic
D237,,Determinative
D238,,Determinative
D239,,Determinative
D23A,,Determinative
D23B,,Determinative
D24,spt,Ideogram
D240,,Determinative
D241,,Determinative
D242,,Determinative
D243,,Determinative
D244,,Determinative
D245,spXr,Ideogram
D246,spXr,Ideogram
D247,,Determinative
D248,,Determinative
D249,,Determinative
D25,spty,Ideogram
D250,,Determinative
D251,,Determinative
D252,,Determinative
D253,,Determinative
D254,,Determinative
D255,,Determinative
D256,,Determinative
D257,,Determinative
D258,,Determinative
D259,,Determinative
D26,bSi|psg|snf|bS,Phonetic
D260,,Determinative
D261,,Determinative
D262,,Determinative
D263,,Determinative
D264,,Determinative
D265,sd,Phonetic
D266,,Determinative
D267,Hnt,Ideogram
D268,,Determinative
D269,,Determinative
D26A,,Determinative
D26B,,Determinative
D26VARA,pw,Phonetic
D27,mnai|mnD|snq|mna,Ideogram
D270,Drt-nTr,Ideogram
D271,,Determinative
D272,HmAg,Ideogram
D273,HmAg,Ideogram
D274,HmAg,Ideogram
D275,,Determinative
D275A,,Determinative
D276,,Determinative
D277,,Determinative
D278,,Determinative
D279,,Determinative
D27A,mnai|mnD|snq,Ideogram
D28,kA,Phonetic
D280,nk|rx,Phonetic
D280A,Hm,Phonetic
D281,,Determinative
D282,,Determinative
D283,is|xrwy,Phonetic
D284,,Determinative
D285,,Determinative
D286,,Determinative
D287,,Determinative
D288,pXr,Ideogram
D289,,Determinative
D28A,,Determinative
D29,kA,Phonetic
D290,,Determinative
D291,,Determinative
D292,,Determinative
D293,,Determinative
D294,,Determinative
D295,,Determinative
D296,,Determinative
D297,,Determinative
D298,,Determinative
D299,,Determinative
D2A,,Determinative
D3,Sni|Sny|wS|Sn,Phonetic
D30,nHb-kAw,Ideogram
D300,,Determinative
D301,,Determinative
D302,,Determinative
D303,,Determinative
D304,,Determinative
D305,,Determinative
D306,,Determinative
D307,,Determinative
D308,,Determinative
D31,Hm-kA,Ideogram
D310,,Determinative
D311,,Determinative
D312,,Determinative
D313,,Determinative
D314,,Determinative
D315,,Determinative
D316,,Determinative
D317,,Determinative
D318,,Determinative
D319,,Determinative
D31A,,Determinative
D32,Hpt|pgA|n|nn|sxn,Phonetic
D320,,Determinative
D321,,Determinative
D322,,Determinative
D322A,,Determinative
D322B,,Determinative
D323,,Determinative
D323A,,Determinative
D324,,Determinative
D325,,Determinative
D325A,,Determinative
D326,,Determinative
D326A,,Determinative
D326B,,Determinative
D327,,Determinative
D328,,Determinative
D329,,Determinative
D32A,n|nn,Phonetic
D32B,,Determinative
D32C,,Determinative
D32D,n|nn,Phonetic
D33,Xn|Xni,Phonetic
D330,DbA,Ideogram
D331,,Determinative
D332,,Determinative
D333,,Determinative
D334,,Determinative
D334A,,Determinative
D335,,Determinative
D336,,Determinative
D336A,,Determinative
D337,,Determinative
D338,,Determinative
D339,,Determinative
D33A,,Determinative
D33B,,Determinative
D33C,,Determinative
D34,aHA,Ideogram
D340,,Determinative
D341,,Determinative
D342,,Determinative
D343,,Determinative
D344,,Determinative
D345,,Determinative
D346,,Determinative
D347,,Determinative
D348,,Determinative
D349,,Determinative
D34A,aHA,Ideogram
D34B,aHA,Ideogram
D34C,aHA,Ideogram
D35,n|smx|xm,Phonetic
D350,,Determinative
D351,,Determinative
D352,,Determinative
D353,,Determinative
D354,,Determinative
D355,,Determinative
D356,rs,Phonetic
D356A,,Determinative
D356B,,Determinative
D357,,Determinative
D358,,Determinative
D359,,Determinative
D35A,,Determinative
D36,a|mH|di,Phonetic
D360,,Determinative
D361,,Determinative
D362,,Determinative
D363,,Determinative
D364,,Determinative
D365,,Determinative
D366,,Determinative
D367,,Determinative
D368,,Determinative
D369,,Determinative
D37,d|D|di|imi|m|mi|rdi,Phonetic
D370,,Determinative
D371,,Determinative
D372,,Determinative
D373,,Determinative
D373A,,Determinative
D374,,Determinative
D375,,Determinative
D376,,Determinative
D377,,Determinative
D378,,Determinative
D379,,Determinative
D38,m|mi,Phonetic
D380,,Determinative
D381,HkA,Ideogram
D382,,Determinative
D383,,Determinative
D384,,Determinative
D385,,Determinative
D386,,Determinative
D387,,Determinative
D388,,Determinative
D389,,Determinative
D39,Hnk|m|mwt,Phonetic
D390,,Determinative
D391,,Determinative
D392,Hr|Hry,Phonetic
D393,,Determinative
D394,,Determinative
D395,,Determinative
D396,ir-is,Ideogram
D397,,Determinative
D398,,Determinative
D399,,Determinative
D3A,Sny|Sn|Sni|wS,Phonetic
D3B,Sny|Sn|Sni|wS,Phonetic
D4,ir|irt|mA,Phonetic
D40,nxt|xAi,Ideogram
D400,,Determinative
D401,,Determinative
D402,,Determinative
D403,,Determinative
D404,,Determinative
D405,Hm-kA,Ideogram
D406,,Determinative
D407,,Determinative
D408,,Determinative
D409,,Determinative
D41,gbA|ni|rmn,Phonetic
D410,,Determinative
D410A,,Determinative
D411,,Determinative
D412,,Determinative
D413,,Determinative
D414,,Determinative
D415,,Determinative
D416,,Determinative
D42,mH,Phonetic
D43,xw|xwi,Phonetic
D44,xrp,Ideogram
D45,Dsr,Ideogram
D46,d|Drt,Phonetic
D46A,idt,Ideogram
D46B,,Determinative
D46C,iAdt|iai|idt|ia,Phonetic
D46D,Hnt|Ssp|sSp|Sp|siA,Phonetic
D47,Drt|Hnt|Ssp|sSp|Sp,Phonetic
D47A,iAdt|iai|ia|idt,Phonetic
D48,Ssp,Ideogram
D48A,Hn,Phonetic
D49,Amm|Am|xfa|HmAg,Phonetic
D5,dgi|pti|ptr|Sp,Phonetic
D50,Dba,Ideogram
D500,Hrf_m_sDt,Ideogram
D50A,,Determinative
D51,ant|dqr,Ideogram
D52,mt|bAH,Phonetic
D52A,,Determinative
D53,bAH|mt,Phonetic
D53A,,Determinative
D54,iw|nmtt,Phonetic
D54A,iw,Phonetic
D55,ann|an,Phonetic
D56,gH|gHs|rd|sbq|ATw,Phonetic
D57,iAt|iAT|siAT|th|thi,Phonetic
D57A,,Determinative
D57B,,Determinative
D57C,,Determinative
D57D,,Determinative
D58,b|bw,Phonetic
D59,ab,Phonetic
D6,dgi|pti|ptr|Sp,Phonetic
D60,wab,Ideogram
D61,sAH,Ideogram
D61A,,Determinative
D62,sAH,Ideogram
D63,sAH,Ideogram
D63A,sAH,Ideogram
D63B,sAH,Ideogram
D63C,sAH,Ideogram
D63D,sAH,Ideogram
D63E,sAH,Ideogram
D63F,sAH,Ideogram
D63G,sAH,Ideogram
D65,psg,Ideogram
D66,spXr,Ideogram
D67,,Determinative
D68,,Determinative
D69,,Determinative
D6A,,Determinative
D7,an|ptr,Phonetic
D70,,Determinative
D71,,Determinative
D72,,Determinative
D73,,Determinative
D74,,Determinative
D75,,Determinative
D76,,Determinative
D77,,Determinative
D78,,Determinative
D79,,Determinative
D7A,,Determinative
D7B,,Determinative
D7C,,Determinative
D7D,,Determinative
D8,an|anw,Phonetic
D80,,Determinative
D81,,Determinative
D82,,Determinative
D83,,Determinative
D84,,Determinative
D85,,Determinative
D86,,Determinative
D87,,Determinative
D88,,Determinative
D89,,Determinative
D8A,,Determinative
D8B,,Determinative
D8C,,Determinative
D8D,,Determinative
D9,rmi|rm|iwH,Phonetic
D90,,Determinative
D91,,Determinative
D92,,Determinative
D93,,Determinative
D94,,Determinative
D95,,Determinative
D96,,Determinative
D97,,Determinative
D98,,Determinative
D99,,Determinative
D9A,,Determinative
DA,,Determinative
DD,,Determinative
DHwty,,Determinative
Dam,,Determinative
Db,,Determinative
DbA,,Determinative
Dba,,Determinative
Dd,,Determinative
Dr,,Determinative
DrD,,Determinative
Dsr,,Determinative
Dw,,Determinative
E1,iH|kA,Phonetic
E10,bA|Xnmw,Phonetic
E100,wnb|nb,Phonetic
E100A,,Determinative
E100B,,Determinative
E100C,,Determinative
E101,,Determinative
E101A,,Determinative
E102,,Determinative
E102A,,Determinative
E102B,,Determinative
E102C,,Determinative
E103,,Determinative
E103A,,Determinative
E104,Ssr,Ideogram
E105,,Determinative
E106,,Determinative
E107,,Determinative
E108,,Determinative
E108A,TnTAt,Ideogram
E109,Sms,Ideogram
E11,bA|Xnmw,Phonetic
E110,mAi-anx,Ideogram
E110A,mAi-anx,Ideogram
E111,mds,Ideogram
E112,Am|HsA-Sna,Phonetic
E112A,pXr,Ideogram
E113,pXr,Ideogram
E114,,Determinative
E116,,Determinative
E117,tf,Phonetic
E118,,Determinative
E119,,Determinative
E11A,,Determinative
E11B,bA,Phonetic
E12,rri,Ideogram
E120,ra|rdi|Sna,Phonetic
E120A,sA-ra,Ideogram
E121,Dsr,Ideogram
E121A,,Determinative
E122,rS|Sr,Phonetic
E123,,Determinative
E124,,Determinative
E124A,,Determinative
E125,,Determinative
E126,,Determinative
E127,,Determinative
E128,xns,Ideogram
E129,xnsw,Ideogram
E13,miw|mi,Phonetic
E130,,Determinative
E131,,Determinative
E132,,Determinative
E132A,,Determinative
E133,,Determinative
E133A,,Determinative
E133B,,Determinative
E133C,,Determinative
E133D,,Determinative
E134,wrt,Ideogram
E134A,ipt|wrt,Ideogram
E135,,Determinative
E136,,Determinative
E137,,Determinative
E137A,,Determinative
E138,,Determinative
E139,imnt,Ideogram
E139A,,Determinative
E13A,,Determinative
E14,iw|Tsm|sr,Phonetic
E140,iAbt,Ideogram
E141,sTA,Ideogram
E141A,sTA,Ideogram
E142,,Determinative
E143,inpwt,Ideogram
E143A,inpwt,Ideogram
E143B,inpwt,Ideogram
E144,,Determinative
E145,bqnqn,Ideogram
E145A,,Determinative
E145B,,Determinative
E146,,Determinative
E147,,Determinative
E147A,,Determinative
E148,,Determinative
E148A,,Determinative
E148B,,Determinative
E148C,,Determinative
E148D,,Determinative
E148E,,Determinative
E148F,,Determinative
E148G,,Determinative
E148I,,Determinative
E148J,,Determinative
E148K,,Determinative
E148L,,Determinative
E148M,,Determinative
E148N,,Determinative
E148h,,Determinative
E149,,Determinative
E149A,,Determinative
E14A,,Determinative
E14B,,Determinative
E14C,,Determinative
E15,Hry-sStA|inpw,Ideogram
E150,,Determinative
E150A,,Determinative
E150B,,Determinative
E150C,,Determinative
E150D,,Determinative
E150E,,Determinative
E151,Ssp|imy-rA,Ideogram
E151A,,Determinative
E151B,,Determinative
E152,,Determinative
E153,,Determinative
E154,nb-tAwy,Ideogram
E154A,,Determinative
E155,,Determinative
E156,,Determinative
E157,Ssp-anx,Ideogram
E157A,,Determinative
E158,nb-wa,Ideogram
E159,Sms-antyw,Ideogram
E159A,,Determinative
E159B,,Determinative
E15A,,Determinative
E15B,,Determinative
E15C,,Determinative
E16,Hry-sStA|inpw,Ideogram
E160,,Determinative
E161,,Determinative
E162,,Determinative
E163,,Determinative
E164,Hp,Phonetic
E164A,,Determinative
E165,Twn,Ideogram
E166,,Determinative
E167,,Determinative
E168,,Determinative
E169,,Determinative
E16A,,Determinative
E16AEXTU,,Determinative
E16B,,Determinative
E17,sAb|zAb,Ideogram
E170,Hp,Phonetic
E171,,Determinative
E172,,Determinative
E173,,Determinative
E174,smA,Ideogram
E174A,smA,Ideogram
E174B,,Determinative
E174C,,Determinative
E174D,,Determinative
E174E,,Determinative
E174F,,Determinative
E175,,Determinative
E176,smA,Ideogram
E177,xns,Ideogram
E177A,xns,Ideogram
E178,,Determinative
E179,,Determinative
E17A,,Determinative
E18,wp-wAwt,Ideogram
E180,,Determinative
E180A,,Determinative
E181,bHdty,Ideogram
E182,,Determinative
E183,,Determinative
E184,,Determinative
E185,,Determinative
E186,awt|ar,Phonetic
E187,,Determinative
E188,,Determinative
E189,,Determinative
E19,wp-wAwt,Ideogram
E190,,Determinative
E191,,Determinative
E191A,,Determinative
E192,,Determinative
E193,,Determinative
E194,,Determinative
E195,sAb-Swt,Ideogram
E196,in,Phonetic
E197,xft-Hr,Ideogram
E198,mA-HD,Ideogram
E199,km-wr,Ideogram
E199A,,Determinative
E1A,,Determinative
E1B,,Determinative
E1C,,Determinative
E1D,,Determinative
E2,kA|smA,Phonetic
E20,stX|Xnnw|AS,Phonetic
E200,mAi,Ideogram
E200A,mAi,Ideogram
E201,,Determinative
E201A,Hsb,Ideogram
E202,,Determinative
E202A,,Determinative
E202B,,Determinative
E202C,,Determinative
E203,,Determinative
E204,,Determinative
E205,mHt|Hbnw,Ideogram
E205A,,Determinative
E206,,Determinative
E206A,,Determinative
E207,xAsww,Ideogram
E207A,,Determinative
E208,,Determinative
E209,,Determinative
E20A,,Determinative
E21,nSni|stX,Ideogram
E210,,Determinative
E211,,Determinative
E211A,Tb-nTr,Ideogram
E212,,Determinative
E213,,Determinative
E214,,Determinative
E214A,,Determinative
E214B,,Determinative
E214C,,Determinative
E215,,Determinative
E215A,,Determinative
E215B,,Determinative
E215C,,Determinative
E215D,,Determinative
E215E,,Determinative
E216,nhs,Ideogram
E216A,,Determinative
E216B,,Determinative
E216C,,Determinative
E216D,,Determinative
E216E,,Determinative
E216F,,Determinative
E216G,,Determinative
E216I,,Determinative
E216J,,Determinative
E216K,,Determinative
E216L,,Determinative
E216h,,Determinative
E217,,Determinative
E217A,,Determinative
E218,,Determinative
E218A,,Determinative
E218B,,Determinative
E218C,,Determinative
E219,,Determinative
E21A,,Determinative
E21B,,Determinative
E21C,,Determinative
E21D,,Determinative
E21E,,Determinative
E22,mAi,Ideogram
E220,,Determinative
E221,,Determinative
E222,,Determinative
E223,,Determinative
E224,nb,Phonetic
E225,,Determinative
E226,,Determinative
E227,,Determinative
E228,,Determinative
E229,,Determinative
E22A,,Determinative
E23,l|rw|nb,Phonetic
E230,,Determinative
E231,,Determinative
E232,,Determinative
E233,nfrw,Ideogram
E234,,Determinative
E235,,Determinative
E236,,Determinative
E237,,Determinative
E238,,Determinative
E239,,Determinative
E23A,,Determinative
E24,Aby|Ab|qn,Phonetic
E240,mHyt,Ideogram
E240A,,Determinative
E240B,,Determinative
E240C,,Determinative
E241,,Determinative
E242,,Determinative
E243,,Determinative
E244,,Determinative
E245,,Determinative
E246,,Determinative
E247,ibr,Ideogram
E248,,Determinative
E249,,Determinative
E24A,,Determinative
E25,db,Phonetic
E250,,Determinative
E251,,Determinative
E252,,Determinative
E253,,Determinative
E254,,Determinative
E254A,,Determinative
E255,,Determinative
E256,nnib,Ideogram
E257,,Determinative
E258,,Determinative
E259,twtw,Ideogram
E259A,twtw,Ideogram
E25A,,Determinative
E25B,,Determinative
E26,Abw,Ideogram
E260,,Determinative
E261,,Determinative
E262,,Determinative
E263,,Determinative
E264,,Determinative
E265,,Determinative
E266,,Determinative
E267,,Determinative
E268,,Determinative
E269,,Determinative
E26A,,Determinative
E27,mmi|sr,Phonetic
E270,,Determinative
E271,,Determinative
E272,,Determinative
E273,,Determinative
E274,,Determinative
E275,,Determinative
E276,,Determinative
E277,,Determinative
E278,nb-tAwy,Ideogram
E279,s,Phonetic
E28,mA-HD,Ideogram
E280,,Determinative
E281,,Determinative
E282,tfrr,Ideogram
E283,,Determinative
E284,,Determinative
E285,,Determinative
E285A,,Determinative
E286,,Determinative
E287,,Determinative
E288,,Determinative
E29,gHs,Ideogram
E290,,Determinative
E291,tp-iHw,Ideogram
E292,,Determinative
E293,,Determinative
E294,,Determinative
E295,,Determinative
E296,,Determinative
E297,,Determinative
E3,bHs,Ideogram
E30,niAw,Ideogram
E30A,niAw,Ideogram
E30B,,Determinative
E30C,,Determinative
E31,saH,Ideogram
E31A,,Determinative
E31B,,Determinative
E32,iac|ky|qnd,Phonetic
E33,gif,Ideogram
E34,wn,Phonetic
E34A,,Determinative
E34B,wnt,Ideogram
E35,DHwty,Ideogram
E36,imn|in-Hrt|nsw,Ideogram
E36A,,Determinative
E37,bsA,Ideogram
E37A,,Determinative
E38,spXr|sS,Phonetic
E39,spXr|sS,Phonetic
E3A,,Determinative
E4,HsAt,Ideogram
E40,wp-rnpt,Ideogram
E41,,Determinative
E42,Dd-mdw,Ideogram
E43,,Determinative
E44,,Determinative
E45,wnSb|wtT,Ideogram
E46,wnSb|wtT,Ideogram
E46A,wnwt,Ideogram
E47,in|n,Phonetic
E48,Dd-mdw-in,Ideogram
E49,sHD,Ideogram
E5,Ams,Ideogram
E50,iaH,Ideogram
E51,nfr|hTt,Ideogram
E51A,,Determinative
E52,,Determinative
E53,nfr,Ideogram
E54,,Determinative
E55,,Determinative
E56,,Determinative
E57,,Determinative
E58,nfr-Hr,Ideogram
E58A,tp-nfr,Ideogram
E59,,Determinative
E5A,,Determinative
E5B,,Determinative
E6,ibr|ssmt|zzmt,Ideogram
E60,wp-rnpt,Ideogram
E61,,Determinative
E62,nfrw,Ideogram
E63,,Determinative
E63A,nfrw,Ideogram
E64,,Determinative
E65,,Determinative
E66,,Determinative
E67,,Determinative
E68,,Determinative
E68A,,Determinative
E69,,Determinative
E6A,nfr,Ideogram
E6B,,Determinative
E6C,nfr,Ideogram
E7,aA,Phonetic
E70,,Determinative
E71,,Determinative
E72,,Determinative
E72A,,Determinative
E73,mA-HD,Ideogram
E73A,,Determinative
E73B,,Determinative
E73C,,Determinative
E74,,Determinative
E74A,,Determinative
E74B,,Determinative
E75,,Determinative
E76,iwa|awt,Ideogram
E76A,,Determinative
E77,mHt|Hbnw,Ideogram
E78,gHs,Ideogram
E78A,,Determinative
E79,,Determinative
E8,ib,Phonetic
E80,xAx,Ideogram
E80A,,Determinative
E80B,,Determinative
E81,wn-nfr,Ideogram
E82,,Determinative
E83,,Determinative
E84,,Determinative
E85,,Determinative
E86,,Determinative
E86A,,Determinative
E87,,Determinative
E88,xft-Hr,Ideogram
E89,,Determinative
E8A,ib,Phonetic
E8B,,Determinative
E9,iw,Phonetic
E90,mi|miw,Phonetic
E91,Sms,Ideogram
E92,Ams|iht|iHt|mnmnt,Ideogram
E92A,Ams,Ideogram
E92B,Ams,Ideogram
E92C,,Determinative
E92D,,Determinative
E93,,Determinative
E94,wbn|bX|bAX,Phonetic
E94A,wbn|bAX|bX,Phonetic
E94B,,Determinative
E95,Hwt-Hr,Ideogram
E96,nTr-nb,Ideogram
E97,nb-xa,Ideogram
E98,,Determinative
E99,,Determinative
E9A,iw,Phonetic
E9B,,Determinative
E9C,,Determinative
ENDEDITORADDITION,,Determinative
ENDEDITORSUPERFLUOUS,,Determinative
ENDERASE,,Determinative
ENDMINORADDITION,,Determinative
ENDPREVIOUSLYREADABLE,,Determinative
ENDSCRIBEADDITION,,Determinative
F1,iH|kA,Phonetic
F10,Am|Htyt|xx,Phonetic
F100,,Determinative
F101,wp-HDt,Ideogram
F102,wp-itn,Ideogram
F103,,Determinative
F104,,Determinative
F105,Xnm,Ideogram
F106,,Determinative
F107,dmAt|dmD,Ideogram
F107A,dmAt|dmD,Ideogram
F108,,Determinative
F109,,Determinative
F11,Am|Htyt|xx,Phonetic
F110,,Determinative
F111,,Determinative
F112,,Determinative
F113,,Determinative
F114,iwf|nm|nmt|sqr,Phonetic
F114A,,Determinative
F115,qn,Phonetic
F116,,Determinative
F117,,Determinative
F118,iwf|nm|nmt|sqr,Phonetic
F118A,kAp|kp,Phonetic
F118B,kAp|kp,Phonetic
F118C,,Determinative
F119,,Determinative
F11A,,Determinative
F12,wsr,Ideogram
F120,,Determinative
F121,,Determinative
F122,,Determinative
F123,,Determinative
F124,bxn,Ideogram
F124A,,Determinative
F124B,,Determinative
F125,,Determinative
F126,,Determinative
F127,imy-wt,Ideogram
F128,,Determinative
F129,,Determinative
F12A,,Determinative
F13,ip|wp|wpt,Phonetic
F130,,Determinative
F131,Abw,Ideogram
F131A,,Determinative
F131B,,Determinative
F132,mAw|mAT|HAty,Ideogram
F132A,,Determinative
F132B,mAw|mAT|HAty,Ideogram
F132C,,Determinative
F133,,Determinative
F134,nfr-tm,Ideogram
F135,,Determinative
F135A,,Determinative
F136,,Determinative
F137,,Determinative
F139,,Determinative
F13A,,Determinative
F14,wpt-rnpt,Ideogram
F140,,Determinative
F141,,Determinative
F142,,Determinative
F143,id,Phonetic
F143A,id,Phonetic
F143B,,Determinative
F143C,,Determinative
F144,,Determinative
F144A,,Determinative
F144B,,Determinative
F145,,Determinative
F146,,Determinative
F147,,Determinative
F148,,Determinative
F148A,,Determinative
F149,,Determinative
F14A,,Determinative
F15,wpt-rnpt,Ideogram
F150,,Determinative
F151,,Determinative
F152,,Determinative
F153,,Determinative
F154,,Determinative
F155,,Determinative
F156,,Determinative
F156A,,Determinative
F157,,Determinative
F158,mXAqt,Ideogram
F158A,,Determinative
F159,,Determinative
F16,ab|db,Phonetic
F160,,Determinative
F161,,Determinative
F162,,Determinative
F163,,Determinative
F163A,,Determinative
F164,,Determinative
F165,,Determinative
F165A,,Determinative
F166,,Determinative
F167,,Determinative
F168,,Determinative
F169,,Determinative
F16A,,Determinative
F16B,,Determinative
F17,abw,Ideogram
F170,,Determinative
F171,,Determinative
F172,,Determinative
F173,,Determinative
F174,,Determinative
F175,,Determinative
F176,rxty,Ideogram
F177,,Determinative
F178,HqA,Ideogram
F179,,Determinative
F18,bH|bi|biA|Hw|ibH|nHDt|psH,Phonetic
F180,,Determinative
F181,,Determinative
F182,,Determinative
F183,,Determinative
F184,,Determinative
F18A,,Determinative
F18B,,Determinative
F19,art|ar,Phonetic
F19A,,Determinative
F19B,,Determinative
F19C,,Determinative
F1A,,Determinative
F2,Dnd,Ideogram
F20,dp|imy-rA|mr|ns,Phonetic
F200,ms_nswt,Ideogram
F20A,ns|mr|imy-rA,Phonetic
F20B,,Determinative
F21,anx|DrD|idn|msDr|sDm,Ideogram
F21A,,Determinative
F22,kfA|pH,Phonetic
F23,msxtiw|xpS,Ideogram
F24,msxtiw|xpS,Ideogram
F25,wHm,Ideogram
F25A,,Determinative
F26,Xn,Phonetic
F27,dHr|pnw,Ideogram
F27A,,Determinative
F27B,,Determinative
F28,Ab|sAb,Phonetic
F29,sT|sti|st,Phonetic
F29A,,Determinative
F29B,,Determinative
F29C,,Determinative
F2A,,Determinative
F2B,,Determinative
F3,At,Phonetic
F30,Sd,Phonetic
F30A,,Determinative
F30B,,Determinative
F31,ms|msi,Phonetic
F31A,,Determinative
F31VARA,,Determinative
F32,X|Xt,Phonetic
F33,sd,Phonetic
F33A,,Determinative
F33B,,Determinative
F34,HAty|ib,Phonetic
F35,nfr,Ideogram
F35A,,Determinative
F36,smA|zmA,Ideogram
F36A,,Determinative
F36B,,Determinative
F36C,,Determinative
F37,iAt|psD|sm,Phonetic
F37A,,Determinative
F37B,iAt|psD|sm,Phonetic
F37C,,Determinative
F37D,,Determinative
F37E,,Determinative
F37F,,Determinative
F37G,,Determinative
F37I,,Determinative
F37J,,Determinative
F37K,,Determinative
F37L,,Determinative
F37M,,Determinative
F37N,,Determinative
F37h,,Determinative
F38,psD,Ideogram
F38A,,Determinative
F38B,,Determinative
F38C,,Determinative
F39,imAx|psD,Ideogram
F39A,,Determinative
F39B,imAx,Ideogram
F3A,,Determinative
F4,HAt,Ideogram
F40,Aw,Phonetic
F40A,,Determinative
F40B,Aw,Phonetic
F40C,,Determinative
F40D,,Determinative
F40E,,Determinative
F41,psD|Sat,Ideogram
F41A,,Determinative
F41B,,Determinative
F41C,,Determinative
F42,spr,Ideogram
F42A,,Determinative
F42B,,Determinative
F43,spHt,Ideogram
F44,isw|iwa,Ideogram
F45,id|idt,Phonetic
F46,pXr|qAb|wDb,Ideogram
F46A,,Determinative
F46B,,Determinative
F46C,,Determinative
F47,pXr|qAb|wDb,Ideogram
F47A,,Determinative
F48,pXr|qAb|wDb,Ideogram
F49,pXr|qAb|wDb,Ideogram
F4A,HAt,Ideogram
F5,SsA,Ideogram
F50,spXr,Ideogram
F50A,,Determinative
F51,As|at|Haw|iw|iwf|nHbt|ws,Phonetic
F51A,,Determinative
F51B,iwf,Ideogram
F51C,,Determinative
F51D,,Determinative
F51F,,Determinative
F52,Hs,Phonetic
F53,hrw,Ideogram
F54,,Determinative
F55,,Determinative
F56,,Determinative
F57,,Determinative
F58,xmnw|xmnyw,Ideogram
F58A,,Determinative
F59,,Determinative
F59A,,Determinative
F6,SsA,Ideogram
F60,,Determinative
F61,,Determinative
F62,,Determinative
F63,xnt|fnD,Ideogram
F63A,xnt,Ideogram
F64,,Determinative
F65,,Determinative
F66,,Determinative
F67,sTA,Ideogram
F67A,,Determinative
F67B,sTA,Ideogram
F67C,,Determinative
F67D,,Determinative
F67E,,Determinative
F68,,Determinative
F68A,,Determinative
F68B,,Determinative
F69,,Determinative
F7,Sfyt,Ideogram
F70,psDt,Ideogram
F70A,,Determinative
F70B,,Determinative
F70C,,Determinative
F70D,,Determinative
F71,,Determinative
F72,,Determinative
F72A,,Determinative
F73,,Determinative
F73A,,Determinative
F74,,Determinative
F74A,,Determinative
F75,,Determinative
F75A,,Determinative
F76,,Determinative
F76A,,Determinative
F77,,Determinative
F77A,,Determinative
F78,,Determinative
F79,,Determinative
F7A,,Determinative
F7B,,Determinative
F7C,,Determinative
F8,Sfyt,Ideogram
F80,HAt,Ideogram
F81,SsA,Ideogram
F82,,Determinative
F83,,Determinative
F84,,Determinative
F85,,Determinative
F86,,Determinative
F87,,Determinative
F88,,Determinative
F89,,Determinative
F8A,,Determinative
F8B,,Determinative
F9,At|pHty,Phonetic
F90,,Determinative
F91,,Determinative
F92,,Determinative
F93,,Determinative
F93B,HAty-a,Ideogram
F94,,Determinative
F95,,Determinative
F96,,Determinative
F97,xntS,Ideogram
F97A,,Determinative
F97B,,Determinative
F98,xntS,Ideogram
F98A,,Determinative
F98B,,Determinative
F98C,,Determinative
F98D,,Determinative
F99,,Determinative
Ff1,,Determinative
Ff100,,Determinative
Ff101,,Determinative
Ff110,,Determinative
Ff203,,Determinative
Ff301,1,Phonetic
Ff302,2,Phonetic
Ff303,3,Phonetic
Ff304,4,Phonetic
Ff4,sDm|idn|msDr,Ideogram
Ff6,sTA,Ideogram
Ff7,smn|mn,Phonetic
Ff8,zp|sp,Phonetic
Ff8A,sp|zp,Phonetic
G1,A,Phonetic
G10,Hnw|skr,Ideogram
G100,,Determinative
G1000,pw,Phonetic
G1001,bn,Phonetic
G101,,Determinative
G102,,Determinative
G103,,Determinative
G104,,Determinative
G104A,,Determinative
G105,,Determinative
G106,Hr-smA-tAwy,Ideogram
G106A,,Determinative
G107,pn,Phonetic
G108,,Determinative
G109,,Determinative
G109A,,Determinative
G11,aSm|axm|aXm|Snbt|spdw,Ideogram
G110,,Determinative
G111,,Determinative
G111A,,Determinative
G112,,Determinative
G113,,Determinative
G114,,Determinative
G115,,Determinative
G115A,,Determinative
G116,,Determinative
G117,,Determinative
G118,,Determinative
G119,,Determinative
G11A,aSm,Ideogram
G12,aSm|axm|aXm|Snbt|spdw,Ideogram
G120,,Determinative
G121,,Determinative
G121A,,Determinative
G122,,Determinative
G123,Hr-bHdty-nTr-aA-nb-pt,Ideogram
G124,,Determinative
G125,Hr-smA-tAwy,Ideogram
G125A,,Determinative
G126,,Determinative
G127,wTs-Hr|wTs-Hr,Ideogram
G127A,wTs-Hr|wTs-Hr,Ideogram
G127B,wTs-Hr|wTs-Hr,Ideogram
G127C,wTs-Hr,Ideogram
G127D,wTs-Hr|wTs-Hr,Ideogram
G128,,Determinative
G129,,Determinative
G129A,,Determinative
G129B,,Determinative
G129C,,Determinative
G129D,,Determinative
G13,Hr|nxny|spdw,Phonetic
G130,imntt,Ideogram
G131,Xrt-nTr,Ideogram
G131A,Xrt-nTr,Ideogram
G131B,Xrt-nTr,Ideogram
G132,nmty,Ideogram
G132A,nmty,Ideogram
G132B,nmty,Ideogram
G133,,Determinative
G134,,Determinative
G135,,Determinative
G136,,Determinative
G137,,Determinative
G138,,Determinative
G139,nb,Phonetic
G139A,,Determinative
G13A,,Determinative
G14,mt|mwt|nr|nrt,Phonetic
G140,,Determinative
G141,,Determinative
G142,,Determinative
G143,,Determinative
G144,dwn-awy|dwn-awy,Ideogram
G144A,,Determinative
G144B,,Determinative
G145,TA,Phonetic
G146,,Determinative
G147,,Determinative
G148,,Determinative
G148A,,Determinative
G149,,Determinative
G14A,,Determinative
G15,mwt,Ideogram
G150,,Determinative
G151,sAb-Swt,Ideogram
G152,xw|sAb-Swt,Phonetic
G152A,xw|sAb-Swt,Phonetic
G152B,,Determinative
G153,sAb-Swt-pr-m-Axt,Ideogram
G153A,sAb-Swt-pr-m-Axt,Ideogram
G154,sAb-Swt-pr-m-Axt,Ideogram
G155,sAb-Swt-pr-m-Axt,Ideogram
G156,,Determinative
G157,,Determinative
G158,gmHs,Ideogram
G158A,gmHs,Ideogram
G158B,,Determinative
G158C,,Determinative
G159,,Determinative
G15A,,Determinative
G16,nbty,Ideogram
G160,,Determinative
G161,spdw|Hr-wr,Ideogram
G161A,,Determinative
G162,Hr-wr|spdw,Ideogram
G162A,,Determinative
G162B,,Determinative
G163,,Determinative
G163A,,Determinative
G164,,Determinative
G165,sDr,Ideogram
G166,dSr,Ideogram
G167,,Determinative
G168,,Determinative
G169,,Determinative
G16A,,Determinative
G16B,,Determinative
G17,m,Phonetic
G170,,Determinative
G171,,Determinative
G172,wSA|Htm|DfAw,Ideogram
G173,,Determinative
G174,,Determinative
G175,sDr,Ideogram
G176,nH|ti,Phonetic
G176A,,Determinative
G177,,Determinative
G177A,,Determinative
G177B,,Determinative
G178,,Determinative
G179,,Determinative
G179A,,Determinative
G17A,,Determinative
G17B,,Determinative
G17C,,Determinative
G17D,m|mwt,Phonetic
G18,mm,Phonetic
G180,,Determinative
G181,,Determinative
G182,,Determinative
G182A,,Determinative
G183,,Determinative
G183A,,Determinative
G184,,Determinative
G184A,,Determinative
G185,,Determinative
G185A,,Determinative
G186,mk,Phonetic
G186A,,Determinative
G186B,,Determinative
G186C,xw,Phonetic
G186D,,Determinative
G187,,Determinative
G188,,Determinative
G189,,Determinative
G19,m|mi,Phonetic
G190,,Determinative
G191,,Determinative
G191A,,Determinative
G191B,,Determinative
G192,,Determinative
G193,,Determinative
G194,,Determinative
G195,,Determinative
G195A,,Determinative
G196,,Determinative
G196A,,Determinative
G197,TAty,Ideogram
G198,,Determinative
G198A,nTr,Ideogram
G199,,Determinative
G199A,,Determinative
G1A,,Determinative
G2,AA,Phonetic
G20,m|mi,Phonetic
G200,,Determinative
G201,,Determinative
G202,,Determinative
G203,,Determinative
G204,bikt,Ideogram
G204A,bikt,Ideogram
G205,,Determinative
G206,,Determinative
G207,Hn,Phonetic
G208,,Determinative
G208A,,Determinative
G208C,,Determinative
G209,,Determinative
G20A,,Determinative
G20B,m|m-a,Phonetic
G21,nH,Phonetic
G210,nH|ti,Phonetic
G210A,nH|ti,Phonetic
G211,,Determinative
G211A,,Determinative
G212,,Determinative
G212A,,Determinative
G213,gm|dSr,Phonetic
G213A,,Determinative
G213B,Apd,Ideogram
G214,,Determinative
G215,,Determinative
G216,,Determinative
G216A,,Determinative
G216B,baH,Ideogram
G217,nTr,Ideogram
G217A,,Determinative
G217B,,Determinative
G218,,Determinative
G219,,Determinative
G21A,,Determinative
G21B,,Determinative
G21C,,Determinative
G22,Db,Phonetic
G220,,Determinative
G221,,Determinative
G222,,Determinative
G223,,Determinative
G224,,Determinative
G225,,Determinative
G225A,,Determinative
G226,,Determinative
G227,,Determinative
G228,,Determinative
G229,,Determinative
G22A,,Determinative
G23,rxyt,Ideogram
G230,,Determinative
G231,,Determinative
G232,,Determinative
G232A,,Determinative
G233,,Determinative
G234,,Determinative
G235,,Determinative
G236,,Determinative
G237,,Determinative
G237A,,Determinative
G238,,Determinative
G239,,Determinative
G23A,,Determinative
G24,rxyt,Ideogram
G240,,Determinative
G241,wmt|wTt,Ideogram
G242,,Determinative
G243,,Determinative
G244,,Determinative
G245,,Determinative
G246,,Determinative
G247,,Determinative
G248,,Determinative
G249,,Determinative
G24A,rxyt,Ideogram
G24B,,Determinative
G25,Ax,Phonetic
G250,,Determinative
G251,,Determinative
G252,,Determinative
G253,,Determinative
G254,,Determinative
G255,,Determinative
G256,,Determinative
G257,,Determinative
G258,,Determinative
G259,,Determinative
G25A,Ax,Phonetic
G26,DHwty|hb|HHwti,Phonetic
G260,,Determinative
G261,,Determinative
G262,,Determinative
G263,,Determinative
G264,imntt,Ideogram
G264A,,Determinative
G264B,,Determinative
G265,,Determinative
G266,nTrwy,Ideogram
G266A,,Determinative
G267,,Determinative
G268,,Determinative
G269,,Determinative
G26A,DHwty|hb|HHwti,Phonetic
G26B,,Determinative
G26C,,Determinative
G27,dSr,Ideogram
G270,,Determinative
G270A,,Determinative
G270B,,Determinative
G270C,,Determinative
G271,,Determinative
G272,,Determinative
G273,,Determinative
G274,,Determinative
G275,,Determinative
G276,,Determinative
G277,,Determinative
G278,,Determinative
G279,,Determinative
G28,gm,Phonetic
G280,,Determinative
G280A,,Determinative
G281,,Determinative
G282,,Determinative
G283,,Determinative
G284,,Determinative
G285,,Determinative
G286,,Determinative
G287,,Determinative
G288,,Determinative
G289,idmi,Ideogram
G28A,,Determinative
G29,bA,Phonetic
G290,,Determinative
G291,,Determinative
G292,,Determinative
G293,,Determinative
G293A,,Determinative
G294,,Determinative
G295,,Determinative
G296,,Determinative
G297,,Determinative
G298,,Determinative
G298A,,Determinative
G299,,Determinative
G29A,,Determinative
G29B,,Determinative
G3,mA,Phonetic
G30,bAw,Ideogram
G300,gm,Phonetic
G301,,Determinative
G302,,Determinative
G303,rx,Phonetic
G304,,Determinative
G305,,Determinative
G306,,Determinative
G307,,Determinative
G308,,Determinative
G309,,Determinative
G30A,,Determinative
G31,bnw,Ideogram
G310,,Determinative
G311,,Determinative
G312,,Determinative
G313,,Determinative
G314,,Determinative
G31A,,Determinative
G31B,,Determinative
G31C,,Determinative
G31D,,Determinative
G31E,,Determinative
G31F,,Determinative
G32,baHi|baH,Ideogram
G33,sdA,Ideogram
G33A,,Determinative
G34,niw,Ideogram
G34A,,Determinative
G35,aq,Phonetic
G36,wr,Phonetic
G37,bin|nDs,Ideogram
G38,Apd|gb|Htm|Trp|wdf|wfA|wsf,Phonetic
G39,sA|zA,Phonetic
G39A,bA,Phonetic
G39VARA,zA,Phonetic
G3A,mA,Phonetic
G3B,mA,Phonetic
G4,tw|tyw,Phonetic
G40,pA,Phonetic
G40A,,Determinative
G41,pA|qmA|qmyt|sHw|Tn|xn,Phonetic
G41A,Htm,Ideogram
G42,DfA|wSA,Ideogram
G43,w,Phonetic
G43A,,Determinative
G44,ww,Phonetic
G45,wa,Phonetic
G46,mAw,Ideogram
G47,TA,Phonetic
G47A,,Determinative
G47B,,Determinative
G48,sS,Phonetic
G48A,,Determinative
G49,sS,Phonetic
G49B,,Determinative
G49C,,Determinative
G49D,,Determinative
G49E,,Determinative
G4A,tyw,Ideogram
G5,Hr,Phonetic
G50,rxti,Ideogram
G51,HAm,Ideogram
G51A,HAm,Ideogram
G52,snm,Ideogram
G53,bA,Phonetic
G53A,bA,Phonetic
G53B,,Determinative
G53C,,Determinative
G54,snD|wSn,Ideogram
G54A,,Determinative
G56,aA|Aa,Phonetic
G57,Af|fA,Phonetic
G58,Am|mA,Phonetic
G58A,Am|mA,Phonetic
G59,XA|AX,Phonetic
G6,bik,Ideogram
G60,kA|Ak,Phonetic
G60A,,Determinative
G61,dA|Ad,Phonetic
G62,,Determinative
G63,,Determinative
G64,,Determinative
G65,,Determinative
G66,,Determinative
G67,,Determinative
G68,wSA|sdAdA,Ideogram
G68A,sdAdA,Ideogram
G69,,Determinative
G7,Hr|nsw|nTr,Phonetic
G70,,Determinative
G71,,Determinative
G72,sdAdA,Ideogram
G72A,,Determinative
G73,,Determinative
G74,xn,Phonetic
G74A,,Determinative
G75,xntS,Ideogram
G75A,,Determinative
G76,Htr,Ideogram
G76A,,Determinative
G77,,Determinative
G78,,Determinative
G79,,Determinative
G7A,nmty|anty,Ideogram
G7B,nmty|anty,Ideogram
G7C,,Determinative
G7D,,Determinative
G7E,,Determinative
G8,Hr-nbw|Hr-nbw,Ideogram
G80,Htm,Ideogram
G81,qmA|Tn,Phonetic
G81A,qmA|Tn,Phonetic
G82,qmA|Tn,Phonetic
G82A,qmA|Tn,Phonetic
G83,qmA|Tn,Phonetic
G84,awt,Ideogram
G85,,Determinative
G86,amm,Ideogram
G87,m,Phonetic
G87A,,Determinative
G88,,Determinative
G89,,Determinative
G8A,,Determinative
G8B,,Determinative
G9,ra,Phonetic
G90,mr,Phonetic
G90A,mr,Phonetic
G91,,Determinative
G92,,Determinative
G93,m-HAt,Ideogram
G94,,Determinative
G95,,Determinative
G96,mds,Ideogram
G96A,Hsq,Ideogram
G96B,,Determinative
G96C,Hsq,Ideogram
G96D,Hsq,Ideogram
G97,Hsq,Ideogram
G98,,Determinative
G99,,Determinative
G9A,ra,Phonetic
H1,Apd|wSn,Ideogram
H10,,Determinative
H11,,Determinative
H11A,,Determinative
H12,,Determinative
H13,,Determinative
H14,sgmH,Ideogram
H14A,,Determinative
H15,,Determinative
H15A,,Determinative
H16,imAx|mAA,Ideogram
H16A,,Determinative
H17,,Determinative
H18,pAq|pgA|Dd,Phonetic
H18A,,Determinative
H19,,Determinative
H19A,,Determinative
H2,mAa|pAq|pq|wSm,Phonetic
H20,,Determinative
H21,,Determinative
H22,,Determinative
H23,,Determinative
H24,,Determinative
H25,,Determinative
H26,,Determinative
H27,imyt-rA|arq,Ideogram
H27A,,Determinative
H28,,Determinative
H29,,Determinative
H2A,,Determinative
H3,pAq|pq,Phonetic
H30,idb,Ideogram
H31,mH|niA,Phonetic
H32,kAp|kp,Phonetic
H33,,Determinative
H34,,Determinative
H35,,Determinative
H36,,Determinative
H37,,Determinative
H38,,Determinative
H39,,Determinative
H4,nr|rm|rmT,Phonetic
H40,,Determinative
H41,,Determinative
H42,,Determinative
H43,,Determinative
H44,,Determinative
H45,tAS,Ideogram
H46,dwAw,Ideogram
H47,,Determinative
H5,DnH|pAi,Ideogram
H5A,,Determinative
H5B,,Determinative
H6,mAat|Sw,Phonetic
H6A,mAat|Sw,Phonetic
H6B,,Determinative
H6C,,Determinative
H7,SA|SAt,Phonetic
H7A,,Determinative
H8,mrwt|sA|swHt,Phonetic
HA,,Determinative
HAt,,Determinative
HD,,Determinative
HDD,,Determinative
HDt,,Determinative
HH,,Determinative
Hb,,Determinative
Hfn,,Determinative
Hm,,Determinative
Hmt,,Determinative
Hn,,Determinative
Hnmmt,,Determinative
Hnqt,,Determinative
Hp,,Determinative
HqA,,Determinative
HqAt,,Determinative
Hr,,Determinative
Htp,,Determinative
Hw,,Determinative
Hwt,,Determinative
Hz,,Determinative
I1,aSA,Ideogram
I10,d|D|Dt,Phonetic
I100,,Determinative
I101,,Determinative
I102,,Determinative
I103,bA,Phonetic
I104,,Determinative
I105,,Determinative
I106,iq|iAt-dit,Phonetic
I106A,,Determinative
I107,nbt-iwnt,Ideogram
I107A,,Determinative
I108,,Determinative
I109,,Determinative
I10A,,Determinative
I10B,,Determinative
I11,DD,Phonetic
I110,rr,Phonetic
I111,,Determinative
I112,,Determinative
I113,,Determinative
I114,,Determinative
I114A,,Determinative
I115,,Determinative
I116,,Determinative
I117,,Determinative
I118,,Determinative
I119,,Determinative
I12,iart|nsrt,Ideogram
I120,,Determinative
I121,Tniw,Ideogram
I122,,Determinative
I123,,Determinative
I124,Tnwy,Ideogram
I125,,Determinative
I126,,Determinative
I127,,Determinative
I128,,Determinative
I129,,Determinative
I13,WADyt,Ideogram
I130,,Determinative
I131,,Determinative
I132,,Determinative
I133,,Determinative
I134,,Determinative
I135,xnmw,Ideogram
I136,,Determinative
I136VARA,,Determinative
I137,,Determinative
I138,,Determinative
I13A,,Determinative
I14,HfAw|r|bA,Phonetic
I14A,,Determinative
I14B,,Determinative
I14C,,Determinative
I14D,,Determinative
I15,HfAw,Ideogram
I15A,,Determinative
I15B,,Determinative
I15C,,Determinative
I15D,,Determinative
I15E,,Determinative
I15F,,Determinative
I17,,Determinative
I18,,Determinative
I18A,,Determinative
I18B,,Determinative
I18C,iq|ity,Phonetic
I19,,Determinative
I19A,,Determinative
I2,Styw,Ideogram
I20,kmt,Ideogram
I200,HfAw,Ideogram
I21,,Determinative
I22,,Determinative
I23,,Determinative
I24,pr|pri,Phonetic
I24A,pr|pri,Phonetic
I24B,,Determinative
I25,aq,Phonetic
I25A,aq,Phonetic
I25B,,Determinative
I25C,,Determinative
I26,,Determinative
I27,wrt-HqAw,Ideogram
I28,nHb-kAw,Ideogram
I29,,Determinative
I3,Ad|it|msH|mzH|xnti,Phonetic
I30,Dt,Phonetic
I31,Tn,Phonetic
I31A,Tn,Phonetic
I31B,wADyt,Ideogram
I31C,,Determinative
I32,dwAt|Dt,Phonetic
I32A,,Determinative
I32B,,Determinative
I33,,Determinative
I34,,Determinative
I35,,Determinative
I36,,Determinative
I37,,Determinative
I38,,Determinative
I39,,Determinative
I3A,TAmt,Ideogram
I3B,,Determinative
I3C,,Determinative
I3D,,Determinative
I3E,,Determinative
I3F,,Determinative
I3G,,Determinative
I3I,,Determinative
I3J,,Determinative
I3K,,Determinative
I3L,,Determinative
I3M,,Determinative
I3h,,Determinative
I4,sbk,Ideogram
I40,qrrt|TpHt,Ideogram
I40A,,Determinative
I40B,,Determinative
I40C,qrrt|TpHt,Ideogram
I40D,,Determinative
I40E,,Determinative
I40F,,Determinative
I40G,,Determinative
I41,qrrty,Ideogram
I41A,,Determinative
I42,,Determinative
I43,nsr,Ideogram
I44,wADty,Ideogram
I45,,Determinative
I46,,Determinative
I47,,Determinative
I47A,,Determinative
I48,,Determinative
I49,,Determinative
I4A,,Determinative
I5,sAq|sbk,Ideogram
I50,iAbt|nTrt,Ideogram
I50A,,Determinative
I51,,Determinative
I52,,Determinative
I52A,,Determinative
I53,,Determinative
I53A,,Determinative
I54,,Determinative
I55,nb|sxmt,Phonetic
I56,,Determinative
I57,,Determinative
I58,,Determinative
I59,,Determinative
I5A,sAq|sbk,Ideogram
I5B,,Determinative
I6,km,Phonetic
I60,wADty,Ideogram
I61,,Determinative
I62,Hwt-Hr,Ideogram
I63,rnn-wtt|Spst,Ideogram
I64,nTrt|nb|k|xm,Phonetic
I65,,Determinative
I66,,Determinative
I67,,Determinative
I68,,Determinative
I69,,Determinative
I6A,,Determinative
I6B,,Determinative
I6C,,Determinative
I6D,,Determinative
I7,Hqt|qrr|wHm-anx,Ideogram
I70,,Determinative
I70A,,Determinative
I70B,,Determinative
I70C,,Determinative
I70D,,Determinative
I71,mHn,Ideogram
I71A,,Determinative
I72,,Determinative
I73,,Determinative
I74,,Determinative
I75,,Determinative
I76,Hwt-Hr,Ideogram
I77,nn-rx|nTrt,Ideogram
I78,nn-rx,Ideogram
I78A,,Determinative
I79,nn-rx|rnn-wtt,Ideogram
I79A,,Determinative
I8,Hfn,Ideogram
I80,r|s,Phonetic
I80A,r|s,Phonetic
I81,rn,Phonetic
I82,,Determinative
I83,,Determinative
I84,,Determinative
I85,,Determinative
I86,,Determinative
I86A,,Determinative
I86B,,Determinative
I86C,,Determinative
I86D,,Determinative
I86E,,Determinative
I86F,,Determinative
I86G,aApp,Ideogram
I86h,,Determinative
I87,,Determinative
I88,pXr-Hr,Ideogram
I89,,Determinative
I8A,,Determinative
I9,f|it,Phonetic
I90,,Determinative
I91,,Determinative
I92,ra,Phonetic
I93,,Determinative
I93A,,Determinative
I94,,Determinative
I95,,Determinative
I96,inD,Ideogram
I96VARA,,Determinative
I97,,Determinative
I98,,Determinative
I99,,Determinative
I9A,sA-tA,Ideogram
I9B,f|sA-tA,Phonetic
I9C,f|sA-tA,Phonetic
K1,in,Phonetic
K10,,Determinative
K11,,Determinative
K12,,Determinative
K13,nar,Ideogram
K14,bs,Phonetic
K15,,Determinative
K16,,Determinative
K17,HAt-mHyt,Ideogram
K18,bs,Phonetic
K18A,bs,Phonetic
K18B,bs,Phonetic
K19,,Determinative
K2,bw,Phonetic
K20,,Determinative
K21,,Determinative
K22,,Determinative
K23,Spt,Ideogram
K23A,,Determinative
K24,nar|Spt,Ideogram
K25,,Determinative
K26,,Determinative
K27,,Determinative
K27A,,Determinative
K3,ad|aD|adw,Phonetic
K4,XA,Phonetic
K4A,XAt,Ideogram
K4B,,Determinative
K5,bs|bz|rmw,Phonetic
K6,nSmt,Ideogram
K6A,,Determinative
K7,Spt,Ideogram
K8,,Determinative
K9,,Determinative
L1,xpr,Ideogram
L10,,Determinative
L11,ap|apy|anx|pri,Phonetic
L12,pri,Ideogram
L12A,,Determinative
L13,,Determinative
L14,,Determinative
L15,sAb-Swt-pr-m-Axt,Ideogram
L16,,Determinative
L17,,Determinative
L18,,Determinative
L19,srqt,Ideogram
L2,bit|kAt,Ideogram
L20,srqt-Htyt,Ideogram
L21,,Determinative
L22,,Determinative
L22A,,Determinative
L23,,Determinative
L24,,Determinative
L25,,Determinative
L26,,Determinative
L27,,Determinative
L28,,Determinative
L29,,Determinative
L3,aff,Ideogram
L30,,Determinative
L31,,Determinative
L32,,Determinative
L33,,Determinative
L34,,Determinative
L35,,Determinative
L3A,,Determinative
L4,snHm|r,Phonetic
L5,spA,Ideogram
L6,xA,Phonetic
L7,srqt,Ideogram
L8,,Determinative
L9,,Determinative
M1,iAm|im|imA|nbs|nht,Phonetic
M10,nHbt,Ideogram
M100,,Determinative
M100A,,Determinative
M101,,Determinative
M102,,Determinative
M103,,Determinative
M104,,Determinative
M105,,Determinative
M106,,Determinative
M106A,,Determinative
M107,,Determinative
M108,,Determinative
M109,,Determinative
M11,wdn,Ideogram
M110,,Determinative
M111,x|xA|srpt,Phonetic
M111A,xA,Phonetic
M111B,,Determinative
M112,,Determinative
M113,,Determinative
M114,,Determinative
M115,,Determinative
M116,Hs,Phonetic
M117,wADt,Ideogram
M118,,Determinative
M119,,Determinative
M11A,wdn,Ideogram
M11B,,Determinative
M11C,,Determinative
M11D,,Determinative
M12,xA,Phonetic
M120,rwD,Ideogram
M121,,Determinative
M122,Ax-bit|wAD,Ideogram
M123,,Determinative
M124,,Determinative
M125,,Determinative
M126,,Determinative
M127,Sma,Ideogram
M128,,Determinative
M129,,Determinative
M12A,,Determinative
M12B,,Determinative
M13,wAD,Ideogram
M130,,Determinative
M131,,Determinative
M131A,,Determinative
M132,,Determinative
M133,,Determinative
M134,,Determinative
M135,,Determinative
M136,,Determinative
M137,,Determinative
M138,,Determinative
M138A,,Determinative
M138B,,Determinative
M139,,Determinative
M139A,,Determinative
M139B,tA-mHw,Ideogram
M139C,,Determinative
M13A,,Determinative
M13B,,Determinative
M14,wAD,Ideogram
M140,,Determinative
M140A,,Determinative
M140B,tA-Sma,Ideogram
M141,,Determinative
M142,,Determinative
M143,,Determinative
M144,,Determinative
M145,,Determinative
M146,,Determinative
M147,,Determinative
M148,,Determinative
M149,aAb|aAbt,Ideogram
M14A,,Determinative
M15,Ax|Dyt|mHw|wAx,Phonetic
M150,,Determinative
M151,,Determinative
M152,rx-nsw|sm,Phonetic
M153,,Determinative
M154,,Determinative
M155,,Determinative
M156,,Determinative
M157,,Determinative
M158,,Determinative
M159,Sma,Ideogram
M15A,,Determinative
M15B,,Determinative
M15C,,Determinative
M16,HA|mHw,Phonetic
M160,,Determinative
M161,,Determinative
M162,,Determinative
M163,,Determinative
M164,,Determinative
M165,,Determinative
M165A,,Determinative
M166,,Determinative
M167,,Determinative
M168,,Determinative
M169,,Determinative
M16A,,Determinative
M16B,,Determinative
M17,i,Phonetic
M170,,Determinative
M171,mar,Ideogram
M171A,,Determinative
M172,,Determinative
M173,,Determinative
M174,,Determinative
M174A,,Determinative
M175,,Determinative
M176,,Determinative
M177A,Dr,Phonetic
M178,,Determinative
M179,,Determinative
M17A,,Determinative
M18,ii,Phonetic
M180,,Determinative
M181,,Determinative
M182,,Determinative
M183,,Determinative
M184,,Determinative
M185,is,Phonetic
M185A,,Determinative
M186,,Determinative
M187,,Determinative
M188,,Determinative
M189,,Determinative
M19,aAbt,Ideogram
M190,,Determinative
M191,,Determinative
M192,,Determinative
M193,,Determinative
M194,,Determinative
M195,,Determinative
M196,,Determinative
M197,,Determinative
M198,wn-nfr|nxb,Ideogram
M199,,Determinative
M1A,,Determinative
M1B,im|m,Phonetic
M1C,,Determinative
M1D,,Determinative
M1E,,Determinative
M2,Hn|Hrrt|i|is,Phonetic
M20,sm|sxt,Phonetic
M200,,Determinative
M201,,Determinative
M202,,Determinative
M203,,Determinative
M204,,Determinative
M205,,Determinative
M206,,Determinative
M207,,Determinative
M208,,Determinative
M209,,Determinative
M20A,,Determinative
M20B,,Determinative
M21,sm,Phonetic
M210,,Determinative
M211,,Determinative
M212,,Determinative
M213,,Determinative
M214,,Determinative
M215,,Determinative
M216,,Determinative
M217,,Determinative
M218,,Determinative
M219,,Determinative
M22,n|nxb|nxbt,Phonetic
M220,,Determinative
M221,,Determinative
M222,,Determinative
M223,imy-wt,Ideogram
M224,,Determinative
M224A,,Determinative
M225,,Determinative
M226,,Determinative
M227,,Determinative
M228,,Determinative
M228A,,Determinative
M229,,Determinative
M22A,,Determinative
M22B,,Determinative
M23,sw,Phonetic
M230,,Determinative
M231,,Determinative
M232,,Determinative
M233,,Determinative
M234,,Determinative
M235,wn-nfr,Ideogram
M236,,Determinative
M237,,Determinative
M238,,Determinative
M239,,Determinative
M23A,,Determinative
M24,rs|rsi|rsw,Phonetic
M240,,Determinative
M240A,,Determinative
M241,,Determinative
M241A,,Determinative
M242,,Determinative
M243,,Determinative
M244,,Determinative
M245,,Determinative
M246,,Determinative
M247,,Determinative
M24A,,Determinative
M25,rs|rsi|rsw,Phonetic
M26,Sma,Ideogram
M26A,,Determinative
M27,Sma,Ideogram
M28,mD-Sma,Ideogram
M29,nDm,Ideogram
M2A,,Determinative
M2B,,Determinative
M3,Da|xt,Phonetic
M30,bnr,Ideogram
M31,rd,Phonetic
M31A,rd,Phonetic
M31B,,Determinative
M31C,,Determinative
M32,rd,Phonetic
M32A,,Determinative
M33,it,Phonetic
M33A,,Determinative
M33B,,Determinative
M34,bdt|bti,Ideogram
M34A,,Determinative
M35,aHaw,Ideogram
M36,Dr,Phonetic
M36A,Dr,Phonetic
M36B,,Determinative
M37,Dr,Phonetic
M37A,,Determinative
M37B,,Determinative
M37C,,Determinative
M38,dmA|mHa,Ideogram
M38A,,Determinative
M38B,,Determinative
M39,rnpt,Ideogram
M39A,,Determinative
M39B,,Determinative
M39C,,Determinative
M39D,,Determinative
M3A,,Determinative
M3B,xt,Phonetic
M3C,,Determinative
M3D,,Determinative
M3E,,Determinative
M3F,,Determinative
M3G,,Determinative
M4,rnp|rnpt|tr,Phonetic
M40,is|iz,Phonetic
M40A,,Determinative
M40B,,Determinative
M40C,,Determinative
M41,wan,Ideogram
M42,wn|wnm,Phonetic
M43,irp|spd,Ideogram
M43A,,Determinative
M43B,,Determinative
M43VARA,,Determinative
M44,spd|srt,Ideogram
M46,,Determinative
M46A,,Determinative
M46B,,Determinative
M47,,Determinative
M48,,Determinative
M4A,,Determinative
M4B,,Determinative
M5,ti|tr,Phonetic
M50,,Determinative
M50A,,Determinative
M51,,Determinative
M52,,Determinative
M53,,Determinative
M54,,Determinative
M54A,,Determinative
M55,,Determinative
M56,,Determinative
M57,,Determinative
M58,,Determinative
M58A,,Determinative
M59,,Determinative
M5A,,Determinative
M5B,,Determinative
M6,ri|ti|tr,Phonetic
M60,,Determinative
M61,,Determinative
M62,,Determinative
M64,tr,Phonetic
M64A,,Determinative
M65,,Determinative
M66,,Determinative
M67,,Determinative
M68,,Determinative
M69,Axt|SA,Phonetic
M69A,,Determinative
M7,rnp|rnpi,Ideogram
M70,,Determinative
M71,nxb,Ideogram
M71A,,Determinative
M72,,Determinative
M72A,,Determinative
M73,nHbt,Ideogram
M74,,Determinative
M75,,Determinative
M76,,Determinative
M76A,wn-nfr|nxb,Ideogram
M77,sSn,Ideogram
M77A,,Determinative
M77B,,Determinative
M78,,Determinative
M79,,Determinative
M7A,rnp,Ideogram
M7B,,Determinative
M8,Axt|SA,Phonetic
M80,,Determinative
M81,,Determinative
M82,,Determinative
M83,,Determinative
M84,,Determinative
M85,,Determinative
M86,imy|wn|Hrrt,Phonetic
M86A,,Determinative
M86B,imy|wn|Hrrt,Phonetic
M86C,,Determinative
M87,,Determinative
M88,,Determinative
M89,,Determinative
M8A,,Determinative
M8B,,Determinative
M8C,,Determinative
M8D,,Determinative
M8E,,Determinative
M8F,,Determinative
M8G,,Determinative
M8I,,Determinative
M8J,,Determinative
M8K,,Determinative
M8L,,Determinative
M8h,,Determinative
M9,sSn|zSn,Ideogram
M90,,Determinative
M90A,,Determinative
M91,,Determinative
M92,,Determinative
M93,,Determinative
M94,ms,Phonetic
M95,,Determinative
M96,,Determinative
M97,,Determinative
M98,,Determinative
M98A,,Determinative
M98B,,Determinative
M98C,,Determinative
M99,,Determinative
M9A,,Determinative
M9B,,Determinative
N1,Hr|pt,Phonetic
N10,psD|pzD,Ideogram
N100,,Determinative
N101,,Determinative
N102,imn|n,Phonetic
N102A,,Determinative
N102B,,Determinative
N103,,Determinative
N103A,,Determinative
N104,Hm,Phonetic
N104A,,Determinative
N104B,,Determinative
N105,,Determinative
N106,,Determinative
N107,,Determinative
N108,Xnw,Ideogram
N109,,Determinative
N10A,,Determinative
N11,Abd|iaH|Ssp,Ideogram
N110,,Determinative
N111,,Determinative
N112,Atf-xnty,Ideogram
N113,,Determinative
N113A,,Determinative
N113B,nart-pHt,Ideogram
N113C,Atf-pH,Ideogram
N114,,Determinative
N114A,,Determinative
N115,,Determinative
N116,,Determinative
N117,,Determinative
N118,Atft,Ideogram
N118A,,Determinative
N119,xnty-iAbt,Ideogram
N12,iaH,Ideogram
N120,tA-sty,Ideogram
N121,,Determinative
N122,,Determinative
N123,,Determinative
N124,,Determinative
N124A,,Determinative
N125,,Determinative
N126,,Determinative
N127,,Determinative
N128,,Determinative
N129,,Determinative
N13,smdt,Ideogram
N130,,Determinative
N131,,Determinative
N132,,Determinative
N132A,apy|wbn|mAwt|nsw-bity,Ideogram
N132B,,Determinative
N133,apy|wbn|mAwt|nsw-bity,Ideogram
N133A,,Determinative
N133B,,Determinative
N134,,Determinative
N135,,Determinative
N136,,Determinative
N137,,Determinative
N138,,Determinative
N139,,Determinative
N14,dwA|sbA|wnwt,Ideogram
N140,,Determinative
N141,,Determinative
N142,,Determinative
N143,,Determinative
N144,,Determinative
N144A,,Determinative
N15,dAt|dwAt,Ideogram
N16,Dt|tA,Phonetic
N16A,tA,Phonetic
N16B,,Determinative
N16C,,Determinative
N16D,tA,Phonetic
N17,Dt|tA,Phonetic
N18,axt|dAiw|iw,Phonetic
N18A,THn,Ideogram
N19,Axty,Ideogram
N2,grH|kkw,Ideogram
N20,idb|wDb,Ideogram
N200,Hmt,Ideogram
N21,idb|wDb,Ideogram
N21A,,Determinative
N21B,,Determinative
N22,idb|sxt|wDb,Ideogram
N23,tA,Phonetic
N24,Hsp|spAt|tA-wr,Ideogram
N24A,Xnw|spAt,Ideogram
N24B,,Determinative
N24C,,Determinative
N24D,,Determinative
N24E,,Determinative
N24F,,Determinative
N24G,,Determinative
N24h,,Determinative
N25,xAst,Ideogram
N26,Dw,Phonetic
N27,Axt,Ideogram
N27A,,Determinative
N28,xa,Phonetic
N28A,,Determinative
N28B,,Determinative
N28C,,Determinative
N28D,,Determinative
N29,q|qAA,Phonetic
N3,grH|kkw,Ideogram
N30,iAt,Ideogram
N30A,,Determinative
N31,Hr|mTn|wa|wAt,Phonetic
N31A,,Determinative
N31B,,Determinative
N31C,,Determinative
N31D,,Determinative
N31E,,Determinative
N31F,,Determinative
N31G,,Determinative
N31I,,Determinative
N31h,,Determinative
N32,sin|sinw,Ideogram
N33,msdmt|nbw|Sai,Ideogram
N33A,3|msdmt|nbw|Sai,Phonetic
N33AV,,Determinative
N34,biA|Hmt,Ideogram
N34A,,Determinative
N35,n|nt,Phonetic
N35A,mw,Phonetic
N35B,,Determinative
N35C,,Determinative
N36,mi|mr,Phonetic
N36A,,Determinative
N36B,,Determinative
N36C,,Determinative
N36D,,Determinative
N36E,,Determinative
N37,S|sn,Phonetic
N37A,,Determinative
N38,S|sn,Phonetic
N39,S|sn,Phonetic
N3A,,Determinative
N3B,,Determinative
N3C,,Determinative
N4,iAdt|idt|Snyt,Ideogram
N40,Sm,Phonetic
N40A,,Determinative
N41,biA|Hm|id|idt,Phonetic
N42,Hm,Phonetic
N44,qrrt,Ideogram
N45,nwn,Ideogram
N46,,Determinative
N46A,grH,Ideogram
N46B,,Determinative
N47,,Determinative
N48,,Determinative
N49,,Determinative
N4A,,Determinative
N4B,,Determinative
N4C,,Determinative
N4D,,Determinative
N4E,,Determinative
N4F,,Determinative
N4G,,Determinative
N4h,,Determinative
N5,hrw|ra|sw|wnwt|zw,Phonetic
N50,,Determinative
N51,,Determinative
N51A,,Determinative
N52,,Determinative
N53,,Determinative
N53A,,Determinative
N54,,Determinative
N55,wpS|Xnw,Ideogram
N55A,,Determinative
N55B,,Determinative
N56,,Determinative
N57,,Determinative
N58,ap|apy,Phonetic
N58A,,Determinative
N58B,,Determinative
N58C,,Determinative
N59,bHdty|pri|pr,Phonetic
N59A,,Determinative
N6,ra,Phonetic
N60,bHdty,Ideogram
N60A,,Determinative
N60B,,Determinative
N61,,Determinative
N62,iaH,Ideogram
N62A,iaH,Ideogram
N62B,,Determinative
N63,,Determinative
N64,,Determinative
N65,,Determinative
N66,,Determinative
N67,,Determinative
N67A,,Determinative
N67B,,Determinative
N68,,Determinative
N69,,Determinative
N6A,,Determinative
N6B,apy|nsw-bity,Ideogram
N6C,,Determinative
N6D,,Determinative
N6E,,Determinative
N7,Xrt-hrw,Ideogram
N70,,Determinative
N70A,,Determinative
N71,,Determinative
N72,,Determinative
N73,mtr,Ideogram
N73A,,Determinative
N74,anDty,Ideogram
N75,nart-xntyt,Ideogram
N76,HA,Phonetic
N76A,,Determinative
N77,,Determinative
N78,,Determinative
N79,,Determinative
N8,Axw|Hnmmt|psD,Ideogram
N80,,Determinative
N81,,Determinative
N82,,Determinative
N83,,Determinative
N84,,Determinative
N85,Dw-qd,Ideogram
N86,,Determinative
N87,,Determinative
N88,,Determinative
N89,Sn,Phonetic
N8A,,Determinative
N8B,,Determinative
N8C,,Determinative
N8D,,Determinative
N9,psD|pzD,Ideogram
N90,,Determinative
N91,,Determinative
N92,nHH,Ideogram
N93,,Determinative
N94,,Determinative
N95,xbt,Ideogram
N96,,Determinative
N97,iAt-dit,Ideogram
N97A,,Determinative
N97B,,Determinative
N97C,,Determinative
N98,,Determinative
N99,,Determinative
N9A,,Determinative
NL1,,Determinative
NL10,,Determinative
NL11,,Determinative
NL12,,Determinative
NL13,,Determinative
NL14,,Determinative
NL15,,Determinative
NL16,,Determinative
NL17,,Determinative
NL17A,,Determinative
NL18,,Determinative
NL19,,Determinative
NL2,,Determinative
NL20,,Determinative
NL3,,Determinative
NL4,,Determinative
NL5,,Determinative
NL5A,,Determinative
NL6,,Determinative
NL7,,Determinative
NL8,,Determinative
NL9,,Determinative
NU1,,Determinative
NU10,,Determinative
NU10A,,Determinative
NU11,,Determinative
NU11A,,Determinative
NU12,,Determinative
NU13,,Determinative
NU14,,Determinative
NU15,,Determinative
NU16,,Determinative
NU17,,Determinative
NU18,,Determinative
NU18A,,Determinative
NU19,,Determinative
NU2,,Determinative
NU20,,Determinative
NU21,,Determinative
NU22,,Determinative
NU22A,,Determinative
NU3,,Determinative
NU4,,Determinative
NU5,,Determinative
NU6,,Determinative
NU7,,Determinative
NU8,,Determinative
NU9,,Determinative
O,,Determinative
O1,p|pr,Phonetic
O10,Hwt-Hr,Ideogram
O100,,Determinative
O101,,Determinative
O102,,Determinative
O103,,Determinative
O104,,Determinative
O105,,Determinative
O106,,Determinative
O106A,,Determinative
O106B,,Determinative
O107,,Determinative
O107A,,Determinative
O108,,Determinative
O109,,Determinative
O10A,,Determinative
O11,aH,Phonetic
O110,,Determinative
O111,,Determinative
O111A,,Determinative
O112,,Determinative
O112A,,Determinative
O113,,Determinative
O114,,Determinative
O115,,Determinative
O116,,Determinative
O117,,Determinative
O118,,Determinative
O119,,Determinative
O11A,,Determinative
O12,aH,Phonetic
O120,,Determinative
O121,inb-HD|inbw-HD,Ideogram
O121A,inb-HD|inbw-HD,Ideogram
O121B,,Determinative
O122,,Determinative
O122A,,Determinative
O122B,,Determinative
O123,Xnw,Ideogram
O124,nTry,Ideogram
O124A,nTry,Ideogram
O124B,nTry,Ideogram
O124C,,Determinative
O125,,Determinative
O126,,Determinative
O127,,Determinative
O128,,Determinative
O129,,Determinative
O129A,,Determinative
O13,sbxt,Ideogram
O130,,Determinative
O130A,,Determinative
O131,,Determinative
O131A,,Determinative
O132,,Determinative
O133,,Determinative
O134,,Determinative
O135,,Determinative
O136,,Determinative
O137,bxn,Ideogram
O138,,Determinative
O139,,Determinative
O13A,,Determinative
O13B,,Determinative
O13C,,Determinative
O13D,,Determinative
O14,sbxt,Ideogram
O140,bxn,Ideogram
O141,rwt-tn,Ideogram
O142,,Determinative
O143,,Determinative
O144,,Determinative
O145,,Determinative
O145A,,Determinative
O145B,,Determinative
O146,,Determinative
O147,,Determinative
O148,,Determinative
O149,,Determinative
O14A,,Determinative
O14B,,Determinative
O14C,,Determinative
O15,wsxt,Ideogram
O150,,Determinative
O151,,Determinative
O152,,Determinative
O153,,Determinative
O153A,,Determinative
O153B,,Determinative
O153C,,Determinative
O154,,Determinative
O155,,Determinative
O156,sHn,Ideogram
O157,,Determinative
O158,,Determinative
O159,,Determinative
O16,tA|tAyt,Phonetic
O160,STyt,Ideogram
O160A,,Determinative
O161,,Determinative
O161A,,Determinative
O162,,Determinative
O163,,Determinative
O164,,Determinative
O164A,,Determinative
O165,,Determinative
O166,,Determinative
O167,,Determinative
O167A,,Determinative
O167B,,Determinative
O168,,Determinative
O169,,Determinative
O169A,,Determinative
O16A,,Determinative
O16B,,Determinative
O16C,,Determinative
O17,tA|tAyt,Phonetic
O170,,Determinative
O171,,Determinative
O172,arqwr,Ideogram
O173,,Determinative
O174,,Determinative
O175,sH-nTr,Ideogram
O175A,sH-nTr,Ideogram
O175B,sH-nTr,Ideogram
O176,,Determinative
O177,,Determinative
O178,rpwt,Ideogram
O179,,Determinative
O18,kAr,Ideogram
O180,,Determinative
O181,,Determinative
O181A,,Determinative
O182,,Determinative
O183,,Determinative
O184,,Determinative
O185,HAyt,Ideogram
O186,,Determinative
O187,,Determinative
O188,,Determinative
O189,,Determinative
O189A,,Determinative
O18A,,Determinative
O18B,,Determinative
O18C,,Determinative
O18D,,Determinative
O18E,,Determinative
O19,itrt|pr-wr,Ideogram
O190,,Determinative
O191,,Determinative
O191A,,Determinative
O192,,Determinative
O193,,Determinative
O194,,Determinative
O195,,Determinative
O195A,,Determinative
O196,itrt,Ideogram
O196A,itrt,Ideogram
O197,,Determinative
O198,,Determinative
O199,,Determinative
O19A,,Determinative
O19B,,Determinative
O19C,,Determinative
O1B,,Determinative
O1VARA,pr,Phonetic
O2,pr-HD,Ideogram
O20,itrt|pr-nw|pr-nw,Ideogram
O200,,Determinative
O201,,Determinative
O202,,Determinative
O203,,Determinative
O204,,Determinative
O205,,Determinative
O206,,Determinative
O207,,Determinative
O208,,Determinative
O209,,Determinative
O20A,,Determinative
O20B,,Determinative
O21,sH|zH|pr-wr,Phonetic
O210,,Determinative
O210A,wxA,Ideogram
O211,,Determinative
O211A,,Determinative
O212,,Determinative
O213,,Determinative
O214,Sna,Ideogram
O215,Hwt-Hr,Ideogram
O216,,Determinative
O216A,,Determinative
O216B,,Determinative
O217,,Determinative
O217A,,Determinative
O218,,Determinative
O219,,Determinative
O21A,,Determinative
O21B,,Determinative
O21C,,Determinative
O21D,,Determinative
O22,HAb|sH|zH|arq,Phonetic
O220,,Determinative
O221,,Determinative
O221A,,Determinative
O222,,Determinative
O223,,Determinative
O223A,,Determinative
O224,,Determinative
O225,,Determinative
O226,,Determinative
O227,,Determinative
O228,,Determinative
O229,,Determinative
O229A,,Determinative
O22A,,Determinative
O22B,arq,Ideogram
O22C,,Determinative
O22D,,Determinative
O23,Hb-sd,Ideogram
O230,,Determinative
O231,,Determinative
O232,,Determinative
O233,,Determinative
O233A,,Determinative
O234,,Determinative
O235,,Determinative
O236,,Determinative
O237,,Determinative
O238,,Determinative
O239,Sns,Ideogram
O23A,,Determinative
O23B,,Determinative
O23C,,Determinative
O23D,,Determinative
O23E,,Determinative
O23F,,Determinative
O23G,,Determinative
O23I,,Determinative
O23J,,Determinative
O23K,,Determinative
O23L,,Determinative
O23M,,Determinative
O23N,,Determinative
O23O,,Determinative
O23P,,Determinative
O23Q,,Determinative
O23R,,Determinative
O23S,,Determinative
O23T,,Determinative
O23h,,Determinative
O24,mr|mHr,Phonetic
O240,,Determinative
O241,,Determinative
O242,,Determinative
O243,,Determinative
O245,,Determinative
O246,,Determinative
O247,,Determinative
O247A,,Determinative
O247B,,Determinative
O248,,Determinative
O249,,Determinative
O24A,,Determinative
O25,txn|mn,Phonetic
O250,,Determinative
O251,,Determinative
O252,,Determinative
O253,,Determinative
O254,,Determinative
O255,,Determinative
O256,,Determinative
O257,,Determinative
O257A,,Determinative
O258,,Determinative
O259,,Determinative
O26,aHaw|wD,Phonetic
O260,,Determinative
O260A,,Determinative
O260B,,Determinative
O261,,Determinative
O261A,,Determinative
O262,,Determinative
O263,,Determinative
O264,,Determinative
O265,,Determinative
O266,,Determinative
O267,,Determinative
O268,,Determinative
O268A,,Determinative
O269,,Determinative
O26A,,Determinative
O27,xA,Phonetic
O270,,Determinative
O271,,Determinative
O272,,Determinative
O273,,Determinative
O274,,Determinative
O275,,Determinative
O275A,,Determinative
O275B,iwnw,Ideogram
O276,,Determinative
O277,,Determinative
O278,,Determinative
O279,,Determinative
O28,iwn,Ideogram
O280,,Determinative
O281,,Determinative
O282,,Determinative
O283,,Determinative
O284,,Determinative
O285,,Determinative
O285A,,Determinative
O285B,,Determinative
O285C,,Determinative
O286,,Determinative
O287,,Determinative
O288,,Determinative
O289,,Determinative
O28A,,Determinative
O28B,,Determinative
O29,a|aA,Phonetic
O290,,Determinative
O291,,Determinative
O292,,Determinative
O293,,Determinative
O294,,Determinative
O295,,Determinative
O296,,Determinative
O297,pri,Ideogram
O297A,,Determinative
O298,,Determinative
O299,,Determinative
O29v,aA,Phonetic
O2A,,Determinative
O3,prt-xrw,Ideogram
O30,sxnt|zxnt,Ideogram
O300,,Determinative
O301,,Determinative
O302,,Determinative
O303,,Determinative
O304,,Determinative
O305,,Determinative
O306,,Determinative
O307,,Determinative
O308,,Determinative
O308A,,Determinative
O309,,Determinative
O30U,,Determinative
O31,aA|wn,Phonetic
O310,,Determinative
O311,,Determinative
O312,,Determinative
O313,,Determinative
O314,HD,Phonetic
O315,,Determinative
O316,,Determinative
O317,,Determinative
O318,,Determinative
O319,,Determinative
O32,sbA,Ideogram
O320,,Determinative
O320A,,Determinative
O321,,Determinative
O323,,Determinative
O324,HD,Phonetic
O325,,Determinative
O326,,Determinative
O327,,Determinative
O328,,Determinative
O329,,Determinative
O329A,,Determinative
O329B,,Determinative
O32A,,Determinative
O32B,,Determinative
O32C,,Determinative
O32D,,Determinative
O33,srx,Ideogram
O330,pr-ms,Ideogram
O331,,Determinative
O332,,Determinative
O333,,Determinative
O334,,Determinative
O335,,Determinative
O336,,Determinative
O337,,Determinative
O338,,Determinative
O339,,Determinative
O33A,srx,Ideogram
O33B,,Determinative
O33C,,Determinative
O34,s|z,Phonetic
O340,,Determinative
O341,,Determinative
O342,,Determinative
O343,,Determinative
O344,,Determinative
O345,,Determinative
O346,,Determinative
O347,,Determinative
O348,,Determinative
O349,,Determinative
O35,is|iz|sb|zb,Phonetic
O350,,Determinative
O351,,Determinative
O352,,Determinative
O353,,Determinative
O354,,Determinative
O355,,Determinative
O35A,,Determinative
O36,inb,Ideogram
O36A,,Determinative
O36B,,Determinative
O36C,,Determinative
O36D,inb,Ideogram
O36E,,Determinative
O36h,,Determinative
O37,gsA|sXnn|whn,Ideogram
O37A,,Determinative
O38,arrt|qnbt|tm,Phonetic
O38A,,Determinative
O38B,,Determinative
O39,inr,Ideogram
O3A,,Determinative
O4,h,Phonetic
O40,rwd,Ideogram
O40A,,Determinative
O41,iar,Ideogram
O42,Ssp|Szp,Ideogram
O42A,,Determinative
O42B,,Determinative
O42C,,Determinative
O42D,,Determinative
O42E,,Determinative
O42F,,Determinative
O42G,,Determinative
O42I,,Determinative
O42J,,Determinative
O42K,,Determinative
O42L,,Determinative
O42h,,Determinative
O43,Ssp|Szp,Ideogram
O43A,AHt,Ideogram
O43B,,Determinative
O44,iAt,Ideogram
O44A,,Determinative
O44B,,Determinative
O44C,,Determinative
O45,ipAt|ipt,Ideogram
O46,ipAt|ipt,Ideogram
O46B,,Determinative
O47,nxn,Ideogram
O48,nxn,Ideogram
O48A,,Determinative
O48B,,Determinative
O49,niwt,Ideogram
O49A,,Determinative
O4A,,Determinative
O4B,,Determinative
O5,mr|mrrt|nm,Phonetic
O50,sp|zp,Phonetic
O500,Dnb,Ideogram
O501,,Determinative
O501A,,Determinative
O51,Snwt,Ideogram
O51A,Snwt,Ideogram
O51B,,Determinative
O51C,,Determinative
O53,,Determinative
O54,,Determinative
O55,,Determinative
O56,,Determinative
O57,,Determinative
O57A,,Determinative
O58,,Determinative
O59,,Determinative
O5U,,Determinative
O6,Htt|Hwt,Ideogram
O60,,Determinative
O60A,,Determinative
O61,,Determinative
O62,,Determinative
O63,,Determinative
O64,,Determinative
O65,,Determinative
O65A,,Determinative
O66,,Determinative
O67,,Determinative
O68,,Determinative
O69,,Determinative
O6A,,Determinative
O6B,,Determinative
O6C,,Determinative
O6D,,Determinative
O7,Hwt,Ideogram
O70,,Determinative
O71,gs-pr|gs-pr,Ideogram
O71A,gs-pr|gs-pr,Ideogram
O72,gsw-pr|gs-pr,Ideogram
O73,,Determinative
O74,,Determinative
O75,,Determinative
O76,,Determinative
O77,,Determinative
O78,,Determinative
O79,,Determinative
O8,Hwt-aAt,Ideogram
O80,,Determinative
O81,,Determinative
O82,,Determinative
O82A,,Determinative
O82B,,Determinative
O83,,Determinative
O84,,Determinative
O85,,Determinative
O85A,,Determinative
O85B,,Determinative
O86,,Determinative
O87,,Determinative
O88,,Determinative
O88A,,Determinative
O89,,Determinative
O9,nbt-Hwt,Ideogram
O90,,Determinative
O90A,,Determinative
O90B,,Determinative
O91,,Determinative
O92,,Determinative
O93,,Determinative
O94,,Determinative
O95,,Determinative
O96,,Determinative
O96A,,Determinative
O97,,Determinative
O98,,Determinative
O98A,,Determinative
O99,aH,Phonetic
O9A,,Determinative
O9B,,Determinative
O9C,,Determinative
O9D,,Determinative
O9E,,Determinative
O9F,,Determinative
P1,aHaw|dpt|imw,Ideogram
P10,Hmw,Ideogram
P100,,Determinative
P101,,Determinative
P102,,Determinative
P103,,Determinative
P104,,Determinative
P104A,,Determinative
P105,,Determinative
P106,w|wiA,Phonetic
P107,,Determinative
P108,sAH,Ideogram
P109,,Determinative
P10A,,Determinative
P10B,,Determinative
P11,mnit,Ideogram
P110,wsir,Ideogram
P111,,Determinative
P112,,Determinative
P113,,Determinative
P114,,Determinative
P115,,Determinative
P115A,,Determinative
P116,,Determinative
P117,,Determinative
P118,,Determinative
P119,,Determinative
P11A,,Determinative
P11B,,Determinative
P11C,,Determinative
P120,,Determinative
P121,,Determinative
P13,,Determinative
P14,,Determinative
P15,im,Phonetic
P15A,,Determinative
P16,,Determinative
P16A,,Determinative
P17,,Determinative
P18,,Determinative
P18A,,Determinative
P19,,Determinative
P1A,pna,Ideogram
P1B,,Determinative
P1C,,Determinative
P2,xnti|xnt,Ideogram
P20,,Determinative
P21,,Determinative
P22,,Determinative
P22A,,Determinative
P23,,Determinative
P23A,,Determinative
P24,,Determinative
P25,,Determinative
P26,,Determinative
P27,,Determinative
P27A,w|wiA,Phonetic
P28,,Determinative
P29,,Determinative
P2A,,Determinative
P2B,,Determinative
P2C,,Determinative
P2D,,Determinative
P2E,,Determinative
P2F,,Determinative
P2G,,Determinative
P2I,,Determinative
P2J,,Determinative
P2K,,Determinative
P2h,,Determinative
P3,DAi|DA|nSmt|wiA,Phonetic
P30,manDt,Ideogram
P30A,,Determinative
P31,,Determinative
P32,,Determinative
P33,,Determinative
P34,,Determinative
P35,,Determinative
P35A,,Determinative
P35B,,Determinative
P36,,Determinative
P36A,,Determinative
P36B,,Determinative
P37,,Determinative
P38,,Determinative
P39,wiA|wTs-nfrw,Ideogram
P39A,,Determinative
P3A,,Determinative
P4,wHa,Ideogram
P40,,Determinative
P41,,Determinative
P41A,,Determinative
P42,wiA|wTs-nfrw,Ideogram
P43,,Determinative
P44,imn|msktt,Ideogram
P44A,,Determinative
P44B,,Determinative
P44C,,Determinative
P44D,,Determinative
P45,,Determinative
P46,,Determinative
P47,,Determinative
P47A,,Determinative
P48,,Determinative
P49,,Determinative
P4A,,Determinative
P4B,,Determinative
P4C,,Determinative
P4D,,Determinative
P4E,,Determinative
P5,nfw|TAw,Ideogram
P50,,Determinative
P51,manDt,Ideogram
P52,,Determinative
P53,spdt,Ideogram
P53A,,Determinative
P53B,,Determinative
P54,,Determinative
P55,,Determinative
P56,gs-dpt|gs-dp,Ideogram
P56A,,Determinative
P57,wTs-nfrw,Ideogram
P58,,Determinative
P59,Hnw,Ideogram
P59A,,Determinative
P59B,,Determinative
P59C,,Determinative
P5A,,Determinative
P5B,,Determinative
P5C,,Determinative
P5D,,Determinative
P5E,,Determinative
P5F,,Determinative
P5G,,Determinative
P5I,,Determinative
P5J,,Determinative
P5K,,Determinative
P5L,,Determinative
P5M,,Determinative
P5N,,Determinative
P5O,,Determinative
P5P,,Determinative
P5Q,,Determinative
P5R,,Determinative
P5S,,Determinative
P5T,,Determinative
P5U,,Determinative
P5h,,Determinative
P6,aHa,Ideogram
P60,Hnw,Ideogram
P60A,,Determinative
P60B,,Determinative
P60C,,Determinative
P61,,Determinative
P61A,,Determinative
P61B,,Determinative
P62,,Determinative
P63,,Determinative
P64,,Determinative
P64A,,Determinative
P65,,Determinative
P65A,,Determinative
P66,,Determinative
P66A,,Determinative
P66B,,Determinative
P67,,Determinative
P68,,Determinative
P69,,Determinative
P6A,,Determinative
P6B,,Determinative
P7,aHa,Ideogram
P70,,Determinative
P71,,Determinative
P71A,,Determinative
P71B,,Determinative
P72,,Determinative
P73,,Determinative
P74,mnS,Ideogram
P75,,Determinative
P76,,Determinative
P76A,,Determinative
P77,,Determinative
P78,,Determinative
P79,,Determinative
P7A,,Determinative
P7B,,Determinative
P8,wsr|xrw,Ideogram
P80,,Determinative
P81,Hr-aHA,Ideogram
P82,,Determinative
P83,,Determinative
P84,,Determinative
P85,,Determinative
P86,,Determinative
P87,,Determinative
P88,,Determinative
P89,,Determinative
P8A,,Determinative
P8h,,Determinative
P9,xrwi-fi,Ideogram
P90,,Determinative
P91,,Determinative
P92,,Determinative
P93,,Determinative
P94,,Determinative
P95,,Determinative
P96,,Determinative
P97,,Determinative
P97A,,Determinative
P97B,,Determinative
P97C,,Determinative
P98,nTrwy,Ideogram
P99,,Determinative
PF1,,Determinative
PF2,,Determinative
PF3,,Determinative
PF4,,Determinative
PF5,,Determinative
Q1,As|Htm|st|ws|wz,Phonetic
Q10,,Determinative
Q11,,Determinative
Q12,,Determinative
Q12A,,Determinative
Q12B,,Determinative
Q13,,Determinative
Q14,,Determinative
Q15,,Determinative
Q16,,Determinative
Q17,,Determinative
Q18,,Determinative
Q18A,,Determinative
Q19,,Determinative
Q1A,,Determinative
Q1B,,Determinative
Q2,st|ws|wz,Phonetic
Q20,,Determinative
Q21,,Determinative
Q22,Hnkyt,Ideogram
Q23,,Determinative
Q24,wnt-Hr,Ideogram
Q24A,,Determinative
Q25,,Determinative
Q26,,Determinative
Q27,,Determinative
Q28,dbHw,Ideogram
Q28A,,Determinative
Q29,mrt,Ideogram
Q29A,,Determinative
Q2A,,Determinative
Q2B,,Determinative
Q2C,,Determinative
Q3,p,Phonetic
Q30,,Determinative
Q31,,Determinative
Q32,,Determinative
Q33,,Determinative
Q34,,Determinative
Q35,Sdt,Ideogram
Q36,,Determinative
Q36A,,Determinative
Q37,,Determinative
Q38,,Determinative
Q39,,Determinative
Q4,wrs,Ideogram
Q40,,Determinative
Q41,,Determinative
Q42,,Determinative
Q43,,Determinative
Q44,,Determinative
Q45,,Determinative
Q46,,Determinative
Q47,Sdt,Ideogram
Q4A,,Determinative
Q5,hn,Phonetic
Q6,qrs|qrsw,Ideogram
Q6A,,Determinative
Q6B,,Determinative
Q6C,mDH,Ideogram
Q6D,,Determinative
Q6E,,Determinative
Q6F,,Determinative
Q6G,,Determinative
Q6I,,Determinative
Q6h,,Determinative
Q7,nsr|psi|ps|srf|tA|xt,Phonetic
Q7A,,Determinative
Q7B,,Determinative
Q7C,,Determinative
Q7D,,Determinative
Q7E,art|ax,Phonetic
Q7F,,Determinative
Q7G,,Determinative
Q7h,,Determinative
Q9,,Determinative
R1,xAt|xAwt,Ideogram
R10,Xrt-nTr,Ideogram
R100,,Determinative
R101,,Determinative
R102,,Determinative
R103,,Determinative
R104,,Determinative
R105,,Determinative
R106,,Determinative
R107,,Determinative
R107A,,Determinative
R108,nTrwy,Ideogram
R109,,Determinative
R10A,,Determinative
R10B,,Determinative
R10C,,Determinative
R10D,,Determinative
R10F,,Determinative
R10G,,Determinative
R10h,,Determinative
R11,dd|Dd,Phonetic
R110,wnmt,Ideogram
R111,iAbt,Ideogram
R112,,Determinative
R113,,Determinative
R114,,Determinative
R115,,Determinative
R116,,Determinative
R117,,Determinative
R118,,Determinative
R119,,Determinative
R12,iAt,Ideogram
R121,,Determinative
R122,psD,Ideogram
R123,,Determinative
R124,,Determinative
R125,,Determinative
R126,,Determinative
R127,,Determinative
R127A,,Determinative
R128,,Determinative
R129,,Determinative
R12A,,Determinative
R12O,,Determinative
R13,imnt,Ideogram
R130,,Determinative
R131,,Determinative
R132,,Determinative
R13A,,Determinative
R14,imnt|wnmi,Ideogram
R14A,,Determinative
R14B,,Determinative
R15,Ab|iAb,Phonetic
R15A,,Determinative
R15B,,Determinative
R16,wx,Phonetic
R16A,,Determinative
R16B,nfrtm,Ideogram
R17,tA-wr,Ideogram
R17A,,Determinative
R17B,,Determinative
R17C,,Determinative
R17D,,Determinative
R18,tA-wr,Ideogram
R18A,,Determinative
R18B,,Determinative
R18C,,Determinative
R18D,,Determinative
R18E,,Determinative
R18F,,Determinative
R18G,,Determinative
R19,wAs|wAst,Ideogram
R19A,,Determinative
R1A,,Determinative
R1B,,Determinative
R1C,,Determinative
R1D,,Determinative
R1E,,Determinative
R1F,,Determinative
R1G,,Determinative
R1I,,Determinative
R1h,,Determinative
R2,xAwt,Ideogram
R20,sSAt,Ideogram
R20A,,Determinative
R21,sSAt,Ideogram
R22,mnw|xm,Phonetic
R23,mnw|xm,Phonetic
R23A,,Determinative
R23B,,Determinative
R24,nit|nrt|nt,Phonetic
R24v,,Determinative
R25,nit|nrt|nt,Phonetic
R26,smA-tAwy,Ideogram
R26A,,Determinative
R26B,,Determinative
R27,,Determinative
R28,,Determinative
R29,,Determinative
R2A,,Determinative
R2B,,Determinative
R3,wDHw,Ideogram
R30,,Determinative
R31,,Determinative
R31A,,Determinative
R32,,Determinative
R33,Hnk,Ideogram
R34,,Determinative
R35,,Determinative
R36,,Determinative
R36A,,Determinative
R36B,xAwt,Ideogram
R36C,,Determinative
R37,,Determinative
R38,,Determinative
R38A,xAwt,Ideogram
R39,,Determinative
R3A,,Determinative
R3AA,,Determinative
R3AB,,Determinative
R3AC,,Determinative
R3B,,Determinative
R3C,abt|wDHw,Ideogram
R3D,,Determinative
R3E,,Determinative
R3F,,Determinative
R3G,,Determinative
R3I,,Determinative
R3J,,Determinative
R3K,,Determinative
R3L,,Determinative
R3M,,Determinative
R3N,,Determinative
R3O,,Determinative
R3P,,Determinative
R3PA,,Determinative
R3Q,,Determinative
R3R,,Determinative
R3S,,Determinative
R3T,,Determinative
R3U,,Determinative
R3W,,Determinative
R3X,,Determinative
R3Y,,Determinative
R3Z,,Determinative
R3h,,Determinative
R3v,,Determinative
R4,Htp,Ideogram
R40,,Determinative
R40A,,Determinative
R41,,Determinative
R42,sHtp,Ideogram
R42A,,Determinative
R42B,,Determinative
R42C,,Determinative
R43,,Determinative
R44,,Determinative
R45,nTr-nTrt,Ideogram
R46,,Determinative
R47,,Determinative
R48,,Determinative
R49,,Determinative
R4VARA,,Determinative
R5,kAp|kp,Phonetic
R50,,Determinative
R51,,Determinative
R52,,Determinative
R53,,Determinative
R54,,Determinative
R55,,Determinative
R56,,Determinative
R57,,Determinative
R58,,Determinative
R59,,Determinative
R6,kAp|kp,Phonetic
R60,,Determinative
R60A,,Determinative
R61,,Determinative
R61A,,Determinative
R62,,Determinative
R62A,,Determinative
R63,,Determinative
R63A,,Determinative
R64,,Determinative
R65,,Determinative
R65A,,Determinative
R66,,Determinative
R66A,,Determinative
R67,,Determinative
R67A,,Determinative
R68,,Determinative
R69,,Determinative
R7,snTr|b,Phonetic
R70,,Determinative
R71,,Determinative
R72,,Determinative
R72A,,Determinative
R73,,Determinative
R74,,Determinative
R75,,Determinative
R76,,Determinative
R77,,Determinative
R78,,Determinative
R79,,Determinative
R7A,,Determinative
R7B,,Determinative
R7C,,Determinative
R7E,,Determinative
R7F,,Determinative
R7G,,Determinative
R8,nTr,Ideogram
R80,,Determinative
R81,,Determinative
R82,nfr,Ideogram
R82A,,Determinative
R83,,Determinative
R84,,Determinative
R85,Sdt,Ideogram
R86,,Determinative
R87,,Determinative
R88,mks,Ideogram
R88A,mks,Ideogram
R89,,Determinative
R8A,,Determinative
R9,bd,Phonetic
R91,,Determinative
R92,,Determinative
R92A,,Determinative
R93,,Determinative
R94,,Determinative
R95,,Determinative
R96,,Determinative
R97,,Determinative
R98,,Determinative
R99,,Determinative
S1,HDt|Smas,Ideogram
S10,mDH|wAHw,Ideogram
S100,,Determinative
S100A,wDA|Awt-ib,Ideogram
S101,wDA|Awt-ib,Ideogram
S101A,,Determinative
S102,,Determinative
S103,wDA|Awt-ib,Ideogram
S103A,,Determinative
S104,,Determinative
S105,kp|kAp|mnfty|hAdrty|snty,Phonetic
S106,,Determinative
S107,,Determinative
S108,,Determinative
S109,,Determinative
S109A,,Determinative
S10A,,Determinative
S10B,,Determinative
S11,wsx,Ideogram
S110,,Determinative
S111,,Determinative
S112,,Determinative
S113,mnxt,Ideogram
S113A,,Determinative
S114,,Determinative
S115,mnxt,Ideogram
S116,,Determinative
S117,,Determinative
S118,,Determinative
S119,,Determinative
S11A,,Determinative
S11B,iry-xx|bb,Phonetic
S11C,,Determinative
S11D,,Determinative
S12,nbw,Ideogram
S120,,Determinative
S120A,,Determinative
S121,,Determinative
S122,,Determinative
S122A,,Determinative
S123,sSm,Ideogram
S123A,,Determinative
S124,sSm,Ideogram
S124A,,Determinative
S124B,,Determinative
S124C,,Determinative
S124D,,Determinative
S124E,,Determinative
S125,sSm,Ideogram
S126,,Determinative
S127,,Determinative
S128,,Determinative
S129,,Determinative
S12A,nbw,Ideogram
S13,nbi,Ideogram
S130,,Determinative
S131,,Determinative
S132,,Determinative
S133,,Determinative
S134,,Determinative
S134A,,Determinative
S134B,,Determinative
S135,,Determinative
S136,,Determinative
S137,,Determinative
S138,,Determinative
S139,,Determinative
S13A,,Determinative
S14,HD,Phonetic
S140,,Determinative
S141,,Determinative
S142,,Determinative
S143,,Determinative
S144,,Determinative
S145,,Determinative
S145A,,Determinative
S146,,Determinative
S147,,Determinative
S148,,Determinative
S149,,Determinative
S14A,Dam,Ideogram
S14B,HD,Phonetic
S14C,Dam,Ideogram
S15,tHn|THn|THnt,Ideogram
S150,,Determinative
S151,wAbwy,Ideogram
S152,,Determinative
S152A,,Determinative
S152B,,Determinative
S153,,Determinative
S154,,Determinative
S155,,Determinative
S156,,Determinative
S157,,Determinative
S158,,Determinative
S159,,Determinative
S15A,tHn|THn|THnt,Ideogram
S15B,tHn|THn|THnt,Ideogram
S16,tHn|THn|THnt,Ideogram
S160,,Determinative
S161,,Determinative
S162,,Determinative
S163,,Determinative
S164,,Determinative
S165,,Determinative
S166,,Determinative
S167,xb,Phonetic
S168,,Determinative
S169,,Determinative
S17,Ssmt|Ssm,Ideogram
S170,,Determinative
S171,,Determinative
S172,,Determinative
S173,,Determinative
S174,,Determinative
S175,,Determinative
S176,,Determinative
S178,,Determinative
S179,,Determinative
S17A,Ssm|Ssmtt,Ideogram
S17B,sSmt,Ideogram
S18,mnit,Ideogram
S180,,Determinative
S181,,Determinative
S182,,Determinative
S183,ntt,Ideogram
S184,,Determinative
S185,,Determinative
S186,,Determinative
S187,,Determinative
S188,,Determinative
S188A,,Determinative
S188B,,Determinative
S188C,,Determinative
S189,,Determinative
S18A,,Determinative
S18B,,Determinative
S19,sDAw|sDAwty|xtm|xtmty,Ideogram
S190,,Determinative
S191,mAH,Ideogram
S192,,Determinative
S193,,Determinative
S194,,Determinative
S194A,,Determinative
S195,,Determinative
S196,,Determinative
S197,,Determinative
S198,,Determinative
S199,,Determinative
S199A,,Determinative
S1A,,Determinative
S2,HDt|wrrt,Ideogram
S20,Dbat|sDAwty|xtm|xtmty,Ideogram
S200,,Determinative
S201,,Determinative
S202,,Determinative
S203,msxnt,Ideogram
S204,,Determinative
S205,,Determinative
S206,,Determinative
S20A,,Determinative
S21,iwaw,Ideogram
S21A,,Determinative
S22,st|sT|tAwr,Phonetic
S22A,,Determinative
S23,dmd|dmD,Ideogram
S23A,dmD,Ideogram
S24,Ts|Tst|Tz|Ab,Phonetic
S25,Aaa|aAw|iaAw,Ideogram
S26,Sndyt,Ideogram
S27,mnxt,Ideogram
S27A,,Determinative
S28,HAy|Hbs|kfy,Ideogram
S28A,,Determinative
S29,s,Phonetic
S29A,,Determinative
S29B,,Determinative
S2A,wrrt,Ideogram
S3,dSrt|n|bity,Phonetic
S30,sf,Phonetic
S30A,sf,Phonetic
S31,smA,Ideogram
S32,siA|siAt,Ideogram
S32A,,Determinative
S33,Tb|Tbt,Phonetic
S34,anx,Ideogram
S34A,,Determinative
S35,sryt|Swt,Ideogram
S36,Hpwi|Hp,Phonetic
S36A,,Determinative
S36B,,Determinative
S36C,,Determinative
S36D,,Determinative
S37,xw,Phonetic
S37A,,Determinative
S37B,,Determinative
S37C,,Determinative
S37D,,Determinative
S38,HqA|HqAt,Ideogram
S38A,,Determinative
S39,awt,Ideogram
S4,n|nt,Phonetic
S40,Dam|wAb|wAs,Ideogram
S41,Dam,Ideogram
S42,abA|sxm|xrp,Ideogram
S42A,,Determinative
S43,md|mdw,Phonetic
S43A,,Determinative
S43B,,Determinative
S43C,,Determinative
S43D,,Determinative
S44,Ams,Ideogram
S44A,Ams,Ideogram
S45,nxAxA|nxxw,Ideogram
S46,arq-nsw,Ideogram
S47,bAby|tA-Tnn,Ideogram
S47A,bAby|tA-Tnn,Ideogram
S47B,,Determinative
S47C,,Determinative
S48,,Determinative
S49,,Determinative
S49A,,Determinative
S5,sxmty,Ideogram
S50,,Determinative
S51,,Determinative
S51A,,Determinative
S52,,Determinative
S53,,Determinative
S53A,,Determinative
S54,,Determinative
S55,mDAt,Ideogram
S56,k,Phonetic
S56A,,Determinative
S57,nms|k|ibs,Phonetic
S57A,,Determinative
S57B,,Determinative
S57C,,Determinative
S58,,Determinative
S59,,Determinative
S6,sxmty|wrrt,Ideogram
S60,Atf,Ideogram
S60A,,Determinative
S61,HmHm,Ideogram
S61A,,Determinative
S61B,,Determinative
S61C,,Determinative
S62,,Determinative
S63,,Determinative
S63A,,Determinative
S64,,Determinative
S65,,Determinative
S65A,,Determinative
S66,,Determinative
S67,,Determinative
S68,,Determinative
S68A,,Determinative
S69,,Determinative
S7,xprS,Ideogram
S70,,Determinative
S70A,,Determinative
S71,,Determinative
S72,,Determinative
S72A,,Determinative
S73,psS-kf,Ideogram
S74,,Determinative
S75,,Determinative
S75A,,Determinative
S76,,Determinative
S77,,Determinative
S78,,Determinative
S78A,,Determinative
S78B,,Determinative
S79,,Determinative
S79A,,Determinative
S8,Atf,Ideogram
S80,,Determinative
S80A,Axt,Ideogram
S82,,Determinative
S83,,Determinative
S84,,Determinative
S85,mAH,Ideogram
S86,,Determinative
S87,,Determinative
S88,,Determinative
S89,,Determinative
S8A,,Determinative
S9,Swty,Ideogram
S90,,Determinative
S91,,Determinative
S91A,wsx,Ideogram
S92,,Determinative
S93,,Determinative
S94,rrm,Ideogram
S95,,Determinative
S96,,Determinative
S97,,Determinative
S98,mnit|msxnt,Ideogram
S99,,Determinative
S9A,,Determinative
SA,,Determinative
Sd,,Determinative
Sm,,Determinative
Sma,,Determinative
Sms,,Determinative
Sn,,Determinative
Sna,,Determinative
Sndyt,,Determinative
Snt,,Determinative
Snwt,,Determinative
Sny,,Determinative
Sps,,Determinative
Spsi,,Determinative
SsA,,Determinative
St,,Determinative
Styw,,Determinative
Sw,,Determinative
Swt,,Determinative
Swty,,Determinative
Szp,,Determinative
T,,Determinative
T1,mn|mnw,Phonetic
T10,pD|pDt,Phonetic
T100,xt,Phonetic
T100A,,Determinative
T101,nmt,Ideogram
T102,,Determinative
T102A,,Determinative
T103,Sat,Ideogram
T103A,,Determinative
T104,,Determinative
T105,,Determinative
T106,psS-kf,Ideogram
T107,,Determinative
T108,,Determinative
T109,,Determinative
T11,sin|sSr|swn|sXr|zin|zwn,Ideogram
T110,,Determinative
T111,,Determinative
T112,,Determinative
T113,,Determinative
T114,,Determinative
T115,,Determinative
T116,,Determinative
T116A,nt-rsi,Ideogram
T116B,nt-rsi,Ideogram
T117,,Determinative
T118,,Determinative
T119,,Determinative
T119A,,Determinative
T11A,,Determinative
T11B,,Determinative
T11C,,Determinative
T12,Ai|Ar|rwd|rwD,Phonetic
T120,,Determinative
T121,,Determinative
T122,,Determinative
T123,,Determinative
T124,rs-wDA,Ideogram
T125,,Determinative
T126,rwt,Ideogram
T127,,Determinative
T128,,Determinative
T128A,wa-m-Hww-iAbty,Ideogram
T129,,Determinative
T12A,,Determinative
T12B,,Determinative
T13,rs,Phonetic
T130,qn,Phonetic
T131,,Determinative
T132,,Determinative
T133,tA-Tnn,Ideogram
T134,,Determinative
T135,,Determinative
T136,,Determinative
T136A,,Determinative
T137,,Determinative
T138,,Determinative
T139,,Determinative
T13A,,Determinative
T14,am|nHsi|qmA|THnw,Phonetic
T140,,Determinative
T14A,,Determinative
T14B,,Determinative
T15,am|nHsi|qmA|THnw,Phonetic
T16,xpS,Ideogram
T16A,,Determinative
T17,wrrt,Ideogram
T18,Sms,Ideogram
T18A,,Determinative
T19,gn|qrs|qs|twi|twr,Phonetic
T19A,,Determinative
T19B,,Determinative
T19C,,Determinative
T1A,,Determinative
T2,sqr,Ideogram
T20,gn|qrs|qs|twi|twr,Phonetic
T200,sqt,Ideogram
T21,wa,Phonetic
T21A,,Determinative
T21B,,Determinative
T21C,,Determinative
T21D,,Determinative
T21E,,Determinative
T21v,,Determinative
T22,sn|snw,Phonetic
T22A,sn,Phonetic
T22B,,Determinative
T22C,,Determinative
T22D,,Determinative
T22h,,Determinative
T23,sn|snw,Phonetic
T24,aH|iH,Phonetic
T24A,,Determinative
T24B,,Determinative
T24C,,Determinative
T24D,,Determinative
T25,DbA,Ideogram
T25A,,Determinative
T25B,,Determinative
T25C,,Determinative
T25D,,Determinative
T25E,,Determinative
T26,sxt,Ideogram
T26A,,Determinative
T26B,,Determinative
T26C,,Determinative
T26D,,Determinative
T26E,,Determinative
T26F,,Determinative
T26G,,Determinative
T26h,,Determinative
T27,sxt,Ideogram
T28,Xr,Phonetic
T28A,,Determinative
T29,nmt,Ideogram
T29A,,Determinative
T29B,,Determinative
T29C,,Determinative
T3,HD,Phonetic
T30,dm|dmt|ds|Sad,Phonetic
T30A,dm|ds,Phonetic
T30B,,Determinative
T31,sSm,Ideogram
T31A,,Determinative
T32,sSm,Ideogram
T32A,,Determinative
T32B,,Determinative
T33,sSm,Ideogram
T33A,,Determinative
T34,nm,Phonetic
T35,nm,Phonetic
T36,,Determinative
T37,,Determinative
T38,,Determinative
T39,,Determinative
T3A,,Determinative
T3B,,Determinative
T3C,,Determinative
T3D,,Determinative
T3E,,Determinative
T3F,,Determinative
T4,HD,Phonetic
T40,,Determinative
T41,,Determinative
T42,,Determinative
T43,,Determinative
T44,tA-tnn|tA-Tnn,Ideogram
T45,,Determinative
T46,,Determinative
T47,,Determinative
T49,,Determinative
T5,HD,Phonetic
T50,,Determinative
T51,,Determinative
T52,,Determinative
T53,biA|Hmty,Ideogram
T54,,Determinative
T55,,Determinative
T56,,Determinative
T57,,Determinative
T58,sTt,Ideogram
T58A,,Determinative
T58B,,Determinative
T59,,Determinative
T5A,,Determinative
T6,HDD,Ideogram
T60,,Determinative
T60A,,Determinative
T61,,Determinative
T62,nt,Phonetic
T63,nt,Phonetic
T63A,,Determinative
T63B,,Determinative
T63C,,Determinative
T64,,Determinative
T64A,,Determinative
T64B,,Determinative
T65,,Determinative
T66,,Determinative
T67,tm,Phonetic
T67A,,Determinative
T67B,,Determinative
T68,,Determinative
T69,,Determinative
T7,mDH,Ideogram
T70,,Determinative
T71,,Determinative
T72,,Determinative
T73,xpS,Ideogram
T73A,,Determinative
T74,,Determinative
T75,,Determinative
T75A,,Determinative
T76,,Determinative
T76A,,Determinative
T76B,,Determinative
T77,,Determinative
T78,,Determinative
T79,,Determinative
T7A,AqHw,Ideogram
T7B,,Determinative
T7C,,Determinative
T8,tp,Phonetic
T80,,Determinative
T80A,,Determinative
T80B,,Determinative
T81,,Determinative
T82,,Determinative
T83,,Determinative
T83A,,Determinative
T84,wa-m-Hww-imnty,Ideogram
T84A,,Determinative
T84B,,Determinative
T84C,,Determinative
T84D,,Determinative
T85,,Determinative
T86,,Determinative
T87,,Determinative
T88,,Determinative
T88A,,Determinative
T88B,,Determinative
T89,,Determinative
T8A,tp,Phonetic
T9,pd|pD|pDt,Phonetic
T90,,Determinative
T91,,Determinative
T92,,Determinative
T92A,,Determinative
T93,,Determinative
T94,,Determinative
T95,xt,Phonetic
T95A,,Determinative
T95B,,Determinative
T96,,Determinative
T97,,Determinative
T97A,,Determinative
T98,,Determinative
T99,,Determinative
T9A,pd|pD|pDt,Phonetic
T9B,sty,Ideogram
T9C,,Determinative
T9D,,Determinative
TA,,Determinative
TAw,,Determinative
THn,,Determinative
Tb,,Determinative
TmA,,Determinative
Tz,,Determinative
U1,mA,Phonetic
U10,it,Phonetic
U100,,Determinative
U101,nqr,Ideogram
U102,,Determinative
U102A,,Determinative
U103,,Determinative
U104,,Determinative
U105,,Determinative
U106,,Determinative
U107,,Determinative
U108,,Determinative
U109,,Determinative
U10A,,Determinative
U11,HqAt,Ideogram
U110,,Determinative
U111,,Determinative
U112,,Determinative
U113,,Determinative
U114,,Determinative
U115,,Determinative
U116,sDb|sdb,Ideogram
U117,,Determinative
U118,,Determinative
U119,,Determinative
U12,HqAt,Ideogram
U120,,Determinative
U121,xsf,Ideogram
U122,,Determinative
U123,,Determinative
U124,,Determinative
U125,,Determinative
U125A,,Determinative
U126,,Determinative
U127,wbA|w|T,Phonetic
U128,,Determinative
U129,,Determinative
U13,hb|skA|Sna,Phonetic
U130,xsf,Ideogram
U131,,Determinative
U132,,Determinative
U133,,Determinative
U13A,,Determinative
U13B,,Determinative
U13C,,Determinative
U13D,,Determinative
U14,Sna,Ideogram
U14A,,Determinative
U15,tm,Phonetic
U15A,,Determinative
U16,biA,Ideogram
U16A,,Determinative
U16B,,Determinative
U16C,,Determinative
U16D,,Determinative
U17,grg,Ideogram
U18,grg,Ideogram
U19,nw,Phonetic
U19A,,Determinative
U2,mA,Phonetic
U20,nw,Phonetic
U200,Xaq,Ideogram
U200A,Xaq,Ideogram
U21,stp,Ideogram
U21A,,Determinative
U22,mnx,Ideogram
U22A,,Determinative
U22B,,Determinative
U23,Ab|mr|mHr,Phonetic
U23A,,Determinative
U23B,,Determinative
U23C,,Determinative
U23D,,Determinative
U23E,,Determinative
U24,Hmt|Hm|Hmw,Phonetic
U24A,,Determinative
U24B,,Determinative
U24C,,Determinative
U24D,,Determinative
U24E,,Determinative
U24F,,Determinative
U24G,,Determinative
U24I,,Determinative
U24J,,Determinative
U24K,,Determinative
U24L,,Determinative
U24M,,Determinative
U24N,,Determinative
U24h,,Determinative
U25,Hmt|Hm|Hmw,Phonetic
U25A,,Determinative
U25B,,Determinative
U25C,,Determinative
U26,wbA,Ideogram
U26A,,Determinative
U27,wbA,Ideogram
U27A,,Determinative
U27B,,Determinative
U28,DA|wDA,Phonetic
U29,DA|wDA,Phonetic
U29A,wDA,Ideogram
U3,mA,Phonetic
U30,tA,Phonetic
U30A,,Determinative
U30B,,Determinative
U31,itH|rtH|rtHti|xni|xnr,Ideogram
U32,dns|HmAt|smn|zmn,Ideogram
U32A,,Determinative
U32B,,Determinative
U32C,,Determinative
U33,ti|tit,Phonetic
U33A,,Determinative
U33B,,Determinative
U34,xsf,Ideogram
U34A,,Determinative
U35,xsf,Ideogram
U35A,,Determinative
U36,Hm|Hmww,Phonetic
U36A,,Determinative
U36B,,Determinative
U37,Xaq,Ideogram
U37A,,Determinative
U38,mxAt,Ideogram
U38A,,Determinative
U38B,,Determinative
U38C,,Determinative
U39,Ts|wTs|wTst,Phonetic
U39A,,Determinative
U39B,,Determinative
U39C,,Determinative
U39D,,Determinative
U39E,,Determinative
U39F,,Determinative
U39G,,Determinative
U39I,,Determinative
U39J,,Determinative
U39K,,Determinative
U39L,,Determinative
U39M,,Determinative
U39N,,Determinative
U39O,,Determinative
U39P,,Determinative
U39Q,,Determinative
U39h,,Determinative
U4,mAa,Ideogram
U40,rs|Ts|wTs|wTst,Phonetic
U41,tx,Phonetic
U43,mAA,Ideogram
U44,smA,Ideogram
U44A,,Determinative
U44B,,Determinative
U45,,Determinative
U46,,Determinative
U47,,Determinative
U48,,Determinative
U49,,Determinative
U49A,,Determinative
U5,mAa,Ideogram
U50,it|xA,Phonetic
U50A,,Determinative
U51,,Determinative
U52,,Determinative
U53,,Determinative
U54,it,Phonetic
U54A,,Determinative
U55,,Determinative
U55A,,Determinative
U56,,Determinative
U57,,Determinative
U58,,Determinative
U59,,Determinative
U6,mr,Phonetic
U60,,Determinative
U61,,Determinative
U62,,Determinative
U63,,Determinative
U64,,Determinative
U65,,Determinative
U66,,Determinative
U67,,Determinative
U68,stp-sA,Ideogram
U69,,Determinative
U7,mr,Phonetic
U70,,Determinative
U71,,Determinative
U72,,Determinative
U73,,Determinative
U74,,Determinative
U75,,Determinative
U76,,Determinative
U77,,Determinative
U78,,Determinative
U79,,Determinative
U7A,,Determinative
U7B,,Determinative
U7C,,Determinative
U7D,,Determinative
U8,Hn|Hnn,Phonetic
U80,,Determinative
U81,,Determinative
U82,,Determinative
U83,,Determinative
U84,,Determinative
U85,,Determinative
U86,,Determinative
U87,,Determinative
U88,,Determinative
U89,,Determinative
U9,bdt|xAi,Ideogram
U90,,Determinative
U91,,Determinative
U91A,,Determinative
U92,,Determinative
U92A,,Determinative
U93,,Determinative
U94,wnwt|mrxt,Ideogram
U94A,,Determinative
U95,,Determinative
U96,,Determinative
U97,Abw|sxx,Ideogram
U97A,,Determinative
U97B,,Determinative
U98,,Determinative
U99,,Determinative
U99A,nHp,Ideogram
U99B,anx,Ideogram
U99C,,Determinative
U99D,,Determinative
U99F,,Determinative
US1A223VARA,,Determinative
US1A22VARA,Sms-antyw,Ideogram
US1A33VARA,mni,Ideogram
US1A6BEXTU,,Determinative
US1Aa1000XT,,Determinative
US1C149VARA,,Determinative
US1C235VARA,,Determinative
US1E162VARA,,Determinative
US1E28AEXTU,,Determinative
US1E31VARA,,Determinative
US1F132VARA,,Determinative
US1F53VARA,sS|sSm,Phonetic
US1M31AEXTU,rd,Phonetic
US1M40AEXTU,,Determinative
US1O124VARA,HwtnTr|Hwt-nTr,Ideogram
US1P74VARA,mnS,Ideogram
US1V33AEXTU,,Determinative
US1X6AEXTU,,Determinative
US1Z100EXT,n|z,Phonetic
US1Z13EXTU,,Determinative
US22A116VARB,,Determinative
US22A143VARA,,Determinative
US22E255VARA,,Determinative
US22F31AEXTU,,Determinative
US22S25A,,Determinative
US22W17BVARD,xnt,Ideogram
US22W17BVARE,,Determinative
US248E35VARA,DHwty,Ideogram
US248O10CEXTU,Hwt_Hr,Ideogram
US248Y1VARB,,Determinative
US685N1VARA,hAy,Ideogram
V1,100|Snt|St,Phonetic
V10,Snw|rn,Phonetic
V100,,Determinative
V101,,Determinative
V102,Sd,Phonetic
V103,dbH,Ideogram
V103A,,Determinative
V104,dbH,Ideogram
V105,,Determinative
V106,,Determinative
V106A,,Determinative
V107,,Determinative
V108,,Determinative
V109,,Determinative
V11,dni|pxA,Ideogram
V110,iH|Xnm,Phonetic
V110A,,Determinative
V111,,Determinative
V112,,Determinative
V113,,Determinative
V114,,Determinative
V115,sxrw,Ideogram
V116,,Determinative
V117,,Determinative
V117A,,Determinative
V118,,Determinative
V119,bH,Phonetic
V11A,,Determinative
V12,arq|fx|Sfdw,Phonetic
V120,,Determinative
V121,,Determinative
V122,,Determinative
V123,,Determinative
V124,,Determinative
V125,,Determinative
V126,,Determinative
V127,,Determinative
V128,,Determinative
V129,,Determinative
V13,T,Phonetic
V130,,Determinative
V131,,Determinative
V132,,Determinative
V133,,Determinative
V134,,Determinative
V135,,Determinative
V136,,Determinative
V137,,Determinative
V138,,Determinative
V139,,Determinative
V14,T,Phonetic
V140,,Determinative
V141,,Determinative
V15,iT|iTi,Phonetic
V16,sA,Phonetic
V16A,,Determinative
V16B,,Determinative
V17,sA,Phonetic
V17A,,Determinative
V17B,,Determinative
V18,sA,Phonetic
V19,mDt|tmA|TmA|XAr,Ideogram
V2,As|sTA,Phonetic
V20,10|mD|mDw,Phonetic
V20h,,Determinative
V21,mD,Phonetic
V21A,,Determinative
V22,mH,Phonetic
V23,mH,Phonetic
V23A,mH,Phonetic
V23B,,Determinative
V24,wd|wD,Phonetic
V25,wd|wD,Phonetic
V26,ad|aD|anD,Phonetic
V27,aD,Phonetic
V27A,,Determinative
V27B,,Determinative
V28,H,Phonetic
V28A,,Determinative
V28B,,Determinative
V28C,,Determinative
V28D,,Determinative
V28E,,Determinative
V29,sk|wAH,Phonetic
V29A,,Determinative
V2A,,Determinative
V2B,,Determinative
V3,sTAw|sTA,Ideogram
V30,nb,Phonetic
V300,qar,Ideogram
V31,k,Phonetic
V31A,k,Phonetic
V31B,,Determinative
V32,gAw|msn,Ideogram
V32A,,Determinative
V32B,,Determinative
V32C,,Determinative
V32D,,Determinative
V32E,,Determinative
V33,g|Ss|sSr,Phonetic
V33B,,Determinative
V34,g|Ss|sSr,Phonetic
V35,g|Ss|sSr,Phonetic
V36,Hn,Phonetic
V36A,,Determinative
V36B,,Determinative
V36C,,Determinative
V36D,,Determinative
V36E,,Determinative
V36G,,Determinative
V36h,,Determinative
V37,idr,Ideogram
V38,wt,Phonetic
V39,tit,Ideogram
V39A,,Determinative
V4,wA,Phonetic
V40,wa|aw,Phonetic
V41,,Determinative
V42,,Determinative
V43,,Determinative
V43A,AHt|sTA,Ideogram
V44,,Determinative
V45,,Determinative
V46,sTA,Ideogram
V47,mnxt,Ideogram
V47A,,Determinative
V48,swdwd,Ideogram
V49,,Determinative
V49A,Sn,Phonetic
V5,snT,Ideogram
V50,,Determinative
V51,,Determinative
V52,,Determinative
V53,,Determinative
V54,,Determinative
V55,,Determinative
V56,,Determinative
V56A,,Determinative
V57,,Determinative
V58,mayt,Ideogram
V59,mayt,Ideogram
V5A,,Determinative
V6,g|Ss|Ssr,Phonetic
V60,,Determinative
V62,,Determinative
V63,,Determinative
V64,,Determinative
V65,,Determinative
V65A,,Determinative
V65B,,Determinative
V66,,Determinative
V67,,Determinative
V68,,Determinative
V69,,Determinative
V69A,,Determinative
V6A,,Determinative
V7,Sn,Phonetic
V70,,Determinative
V71,,Determinative
V72,,Determinative
V73,,Determinative
V74,,Determinative
V75,,Determinative
V76,,Determinative
V77,Hna,Ideogram
V78,,Determinative
V79,,Determinative
V8,Sn,Phonetic
V80,,Determinative
V81,,Determinative
V82,,Determinative
V83,Hw,Phonetic
V84,wAH|sk,Phonetic
V85,,Determinative
V86,,Determinative
V87,sk,Phonetic
V88,,Determinative
V89,,Determinative
V9,Snw,Ideogram
V90,sk,Phonetic
V91,,Determinative
V92,,Determinative
V93,,Determinative
V94,nb-nswt-tAwy,Ideogram
V95,,Determinative
V96,,Determinative
V97,Hnq,Ideogram
V98,,Determinative
V99,wtT|wtt,Ideogram
W1,mrHt,Ideogram
W10,ab|Hnt|iab|sxw|wsx|a|Hnw,Phonetic
W100,,Determinative
W101,,Determinative
W102,,Determinative
W103,,Determinative
W104,,Determinative
W105,,Determinative
W106,,Determinative
W107,rrm,Ideogram
W108,,Determinative
W109,,Determinative
W10A,ab|bA|Hnt|iab|sxw|wsx,Phonetic
W10B,,Determinative
W11,g|nst,Phonetic
W110,,Determinative
W111,,Determinative
W112,,Determinative
W113,a,Phonetic
W114,,Determinative
W115,,Determinative
W116,,Determinative
W117,,Determinative
W118,,Determinative
W119,,Determinative
W11A,,Determinative
W12,g|nst,Phonetic
W120,,Determinative
W121,,Determinative
W122,,Determinative
W123,,Determinative
W124,,Determinative
W125,,Determinative
W126,,Determinative
W13,dSrt,Ideogram
W14,Hs|Hz,Phonetic
W14A,,Determinative
W15,qbb|qbH,Ideogram
W15A,,Determinative
W15B,,Determinative
W16,qbb|qbH,Ideogram
W16A,,Determinative
W17,xnt,Ideogram
W17A,,Determinative
W17B,,Determinative
W17C,,Determinative
W17D,,Determinative
W18,xnt,Ideogram
W18A,,Determinative
W18B,,Determinative
W19,mi,Phonetic
W1A,,Determinative
W1B,,Determinative
W2,bAs,Ideogram
W20,irtt|irTt,Ideogram
W200,wrH|wdH,Ideogram
W200A,wrH|wdH,Ideogram
W201,wHAt|ktwt,Ideogram
W21,irp,Ideogram
W21A,,Determinative
W21B,,Determinative
W21C,,Determinative
W22,Hnqt|wdpw,Ideogram
W23,qrHt|wdpw,Ideogram
W24,nw,Phonetic
W25,in|ini,Phonetic
W25A,,Determinative
W27,,Determinative
W27A,,Determinative
W27B,,Determinative
W28,,Determinative
W29,,Determinative
W2B,,Determinative
W3,Hb|Hbt,Phonetic
W30,,Determinative
W31,,Determinative
W32,,Determinative
W32A,,Determinative
W33,,Determinative
W34,,Determinative
W34A,,Determinative
W35,,Determinative
W35A,,Determinative
W35B,,Determinative
W36,,Determinative
W37,,Determinative
W37A,,Determinative
W37B,,Determinative
W37C,,Determinative
W37D,,Determinative
W38,,Determinative
W39,,Determinative
W3A,,Determinative
W4,Hb,Phonetic
W40,Xnm,Ideogram
W41,Xnm,Ideogram
W42,,Determinative
W42A,,Determinative
W43,,Determinative
W44,,Determinative
W45,,Determinative
W46,,Determinative
W47,,Determinative
W48,,Determinative
W48A,,Determinative
W49,,Determinative
W4A,,Determinative
W5,XriHbt,Ideogram
W50,,Determinative
W51,,Determinative
W52,,Determinative
W53,wSb,Ideogram
W53A,,Determinative
W54,wab,Ideogram
W55,,Determinative
W56,rd|rDw,Phonetic
W57,,Determinative
W58,,Determinative
W59,,Determinative
W59A,,Determinative
W5A,,Determinative
W6,wHAt,Ideogram
W60,,Determinative
W61,,Determinative
W62,,Determinative
W63,,Determinative
W64,,Determinative
W65,,Determinative
W66,,Determinative
W67,,Determinative
W68,,Determinative
W69,,Determinative
W6A,,Determinative
W7,Ab|Abw|mAt|mAT,Phonetic
W70,nmst,Ideogram
W71,,Determinative
W72,,Determinative
W73,,Determinative
W74,,Determinative
W75,,Determinative
W76,,Determinative
W77,,Determinative
W78,,Determinative
W78A,,Determinative
W79,,Determinative
W7A,,Determinative
W8,Ab|Abw|mAt|mAT,Phonetic
W80,,Determinative
W81,,Determinative
W82,,Determinative
W83,,Determinative
W84,,Determinative
W85,,Determinative
W86,,Determinative
W87,,Determinative
W88,,Determinative
W89,,Determinative
W9,Xnm,Ideogram
W90,,Determinative
W91,,Determinative
W92,,Determinative
W93,,Determinative
W94,,Determinative
W95,psDt,Ideogram
W96,,Determinative
W97,,Determinative
W98,,Determinative
W99,,Determinative
W9A,,Determinative
W9B,,Determinative
W9R,,Determinative
X1,t,Phonetic
X10,,Determinative
X11,,Determinative
X12,,Determinative
X13,,Determinative
X2,DHwty|it|t,Phonetic
X2A,,Determinative
X2B,,Determinative
X2C,,Determinative
X2D,,Determinative
X3,DHwty|it|t,Phonetic
X3A,,Determinative
X3B,t-HD,Ideogram
X3C,,Determinative
X4,fqA|sn|snw|zn,Phonetic
X4A,,Determinative
X4B,,Determinative
X4C,,Determinative
X4D,,Determinative
X4E,,Determinative
X4F,,Determinative
X4G,,Determinative
X5,sn|sni,Phonetic
X5A,,Determinative
X6,pAt,Ideogram
X6A,,Determinative
X6B,,Determinative
X6C,,Determinative
X6D,,Determinative
X7,gsw|snw,Ideogram
X8,d|di|rdi,Phonetic
XA,,Determinative
XAr,,Determinative
Xkr,,Determinative
Xn,,Determinative
Xnm,,Determinative
Xnmw,,Determinative
Xr,,Determinative
Xrd,,Determinative
Y1,dmD|mDAt,Ideogram
Y10,,Determinative
Y11,gsty,Ideogram
Y12,,Determinative
Y13,,Determinative
Y14,,Determinative
Y15,,Determinative
Y16,,Determinative
Y17,shAt,Ideogram
Y18,sxm,Ideogram
Y18A,,Determinative
Y18B,,Determinative
Y18C,,Determinative
Y18D,,Determinative
Y19,,Determinative
Y1v,mDAt,Ideogram
Y2,dmD|mDAt,Ideogram
Y20,,Determinative
Y21,bxn,Ideogram
Y22,,Determinative
Y23,,Determinative
Y24,itn,Ideogram
Y25,,Determinative
Y26,,Determinative
Y27,an,Phonetic
Y2v,,Determinative
Y3,mnhd|naa|snaa|sS|zS,Phonetic
Y3A,,Determinative
Y3B,,Determinative
Y3C,,Determinative
Y4,mnhd|naa|snaa|sS|zS,Phonetic
Y4A,,Determinative
Y5,mn,Phonetic
Y5A,,Determinative
Y6,ibA,Ideogram
Y7,bnt,Ideogram
Y7A,,Determinative
Y8,sSSt|sxm|zSSt,Ideogram
Y8A,bAt,Ideogram
Z1,1,Phonetic
Z10,Sbn|sD|swA|wp|wr|xbs,Phonetic
Z102,imn|im|m,Phonetic
Z11,imi|wnm,Ideogram
Z11A,,Determinative
Z11B,,Determinative
Z12,Hw,Phonetic
Z13,,Determinative
Z14,,Determinative
Z15,,Determinative
Z16,,Determinative
Z17,,Determinative
Z18,,Determinative
Z19,,Determinative
Z1A,,Determinative
Z2,3,Phonetic
Z20,,Determinative
Z21,,Determinative
Z22,psH|spd,Ideogram
Z23,,Determinative
Z24,,Determinative
Z25,mnDty,Ideogram
Z25A,,Determinative
Z25B,,Determinative
Z26,,Determinative
Z27,,Determinative
Z28,,Determinative
Z29,,Determinative
Z29A,,Determinative
Z29B,,Determinative
Z2A,,Determinative
Z2B,,Determinative
Z2C,,Determinative
Z2D,,Determinative
Z3,3,Phonetic
Z30,,Determinative
Z31,,Determinative
Z32,,Determinative
Z33,,Determinative
Z34,,Determinative
Z35,,Determinative
Z36,,Determinative
Z37,,Determinative
Z38,,Determinative
Z39,,Determinative
Z3A,3,Phonetic
Z4,y,Phonetic
Z40,,Determinative
Z41,,Determinative
Z4A,2,Phonetic
Z4B,,Determinative
Z5,ms,Phonetic
Z5A,,Determinative
Z6,mwt,Ideogram
Z6A,,Determinative
Z7,w,Phonetic
Z8,Snw,Ideogram
Z9,Sbn|sD|swA|wp|wr|xbs,Phonetic
